Slot;LoadPort;DischPort;ContId;Overstow;OverstowPOD;PotentialRestow;PotentialRestowPOD;PotentialRestowImpact;NonReeferAtReefer
100472;CNNGB;SGSIN;FFAU4995945;;;;;;X
100872;CNNGB;SGSIN;TXGU7420301;;;;;;X
100976;CNNGB;SGSIN;TCKU4370093;;;;;;X
101272;CNNGB;SGSIN;CMAU7645500;;;;;;X
101176;CNNGB;SGSIN;BMOU5654855;;;;;;X
100672;CNNGB;SGSIN;SEKU4520766;;;;;;X
100674;CNNGB;SGSIN;TCKU7904422;;;;;;X
100972;CNNGB;SGSIN;TCNU3456366;;;;;;X
101072;CNNGB;SGSIN;FFAU4501488;;;;;;X
100974;CNNGB;SGSIN;CMAU4202067;;;;;;X
100874;CNNGB;SGSIN;FCIU8236250;;;;;;X
101172;CNNGB;SGSIN;TGBU5832884;;;;;;X
100876;CNNGB;SGSIN;SEGU4107824;;;;;;X
101074;CNNGB;SGSIN;BEAU4147173;;;;;;X
310384;CNYTN;FRLEH;CMAU0625055;X;PLGDN;;;;
140076;CNYTN;PLGDN;ECMU4903223;;;;;;X
901880;CNSHA;MAPTM;DRYU4507465;X;SGSIN;;;;
660976;CNYTN;NLRTM;SEGU4065740;;;;;;X
581174;CNYTN;DEHAM;ECMU4921422;;;;;;X
540584;CNYTN;FRLEH;ECMU4923699;X;PLGDN;;;;
661874;CNYTN;NLRTM;CMAU4453709;;;;;;X
141274;CNYTN;MAPTM;APHU6740470;X;DEHAM;;;;X
141372;CNYTN;MAPTM;TLLU4357538;;;;;;X
070782;CNYTN;FRLEH;TLLU2800170;X;DEHAM;;;;
740284;CNYTN;PLGDN;ECMU4925135;X;SGSIN;;;;
220776;CNYTN;DEHAM;CMAU4624186;;;;;;X
150376;CNYTN;PLGDN;TEMU3392831;;;;;;X
070376;CNYTN;FRLEH;CMAU1951441;X;DEHAM;;;;
901680;CNYTN;MAPTM;ECMU8040901;X;SGSIN;;;;
220272;CNYTN;DEHAM;APZU4772275;;;;;;X
310182;CNYTN;MAPTM;CMAU3174736;X;PLGDN;;;;
141874;CNYTN;MAPTM;APHU7170746;;;;;;X
171080;CNYTN;FRLEH;TEMU1119068;X;DEHAM;;;;
820180;CNYTN;FRLEH;ECMU8046670;X;SGSIN;;;;
830072;CNYTN;SGSIN;HWLU2007799;;;;;;X
580178;CNYTN;MAPTM;ECMU8167692;X;SGSIN;;;;
220174;CNYTN;DEHAM;CMAU8311045;;;;;;X
150374;CNYTN;PLGDN;SLEU2322825;;;;;;X
581674;CNSHA;SGSIN;CMAU9739341;;;;;;X
101872;PLGDN;SGSIN;TRHU6412998;;;;;;X
130584;CNNGB;FRLEH;SLEU2312719;X;PLGDN;;;;
101874;PLGDN;SGSIN;SEKU6275185;;;;;;X
341780;CNNGB;FRLEH;TCNU2424641;X;DEHAM;;;;
111472;CNSHA;MAPTM;CGMU3006108;X;DEHAM;;;;
581672;DEHAM;SGSIN;TRHU7077451;;;;;;X
581676;CNSHA;SGSIN;BMOU5265658;;;;;;X
581476;CNSHA;SGSIN;GESU6571824;;;;;;X
830074;CNYTN;SGSIN;HWLU2007844;;;;;;X
420974;PLGDN;SGSIN;TCLU6706991;;;;;;X
780072;CNNGB;FRLEH;TLLU8878690;;;;;;X
421376;CNNGB;SGSIN;TLLU4784571;;;;;;X
070080;CNNGB;FRLEH;LYGU3159030;X;DEHAM;;;;
020680;CNYTN;FRLEH;APHU7071300;X;SGSIN;;;;
421676;CNYTN;FRLEH;CMAU8739096;X;SGSIN;;;;X
141872;CNYTN;MAPTM;CMAU5088658;;;;;;X
020880;CNYTN;FRLEH;GAOU6052316;X;SGSIN;;;;
580578;CNYTN;MAPTM;ECMU8111306;X;SGSIN;;;;
341782;CNYTN;FRLEH;TCLU1723213;X;DEHAM;;;;
100474;CNYTN;SGSIN;UETU4010971;;;;;;X
050080;CNYTN;PLGDN;CERU5002831;X;DEHAM;X;DEHAM;4;
581678;CNYTN;MAPTM;ECMU8116144;X;SGSIN;;;;
580180;CNYTN;MAPTM;TCKU9988401;X;SGSIN;;;;
661474;CNYTN;NLRTM;CAAU6225282;;;;;;X
130682;CNYTN;FRLEH;CMAU0708761;X;NLRTM;;;;
900882;CNYTN;MAPTM;ECMU8005773;X;PLGDN;;;;
661672;CNYTN;NLRTM;GAOU6807855;;;;;;X
580372;CNYTN;SGSIN;CMAU6546565;;;;;;X
580378;CNYTN;MAPTM;CAIU5808272;X;SGSIN;;;;
130784;CNYTN;FRLEH;APZU3432990;X;PLGDN;;;;
540774;CNYTN;FRLEH;TCNU2995419;X;PLGDN;;;;X
621984;CNYTN;FRLEH;CMAU5761990;X;DEHAM;;;;
580072;CNYTN;SGSIN;GESU6168300;;;;;;X
130786;CNYTN;FRLEH;TCLU3864416;X;PLGDN;;;;
020574;CNYTN;FRLEH;SELU4126512;X;SGSIN;;;;
290174;CNYTN;MAPTM;TGHU1169841;X;PLGDN;;;;
220572;CNYTN;DEHAM;TCKU4528635;;;;;;X
220576;CNYTN;DEHAM;GESU6640150;;;;;;X
740684;CNYTN;PLGDN;TGHU9492911;X;SGSIN;;;;
220374;CNYTN;DEHAM;CMAU9073023;;;;;;X
050082;CNYTN;PLGDN;CERU5002913;X;DEHAM;X;DEHAM;2;
140084;CNYTN;FRLEH;TCNU6400015;X;PLGDN;;;;
150486;CNYTN;FRLEH;CAIU6126071;X;DEHAM;;;;
901672;CNYTN;PLGDN;SEGU9397201;X;DEHAM;;;;
500576;CNYTN;NLRTM;CGMU9322124;X;SGSIN;;;;
820174;CNYTN;NLRTM;TLLU8343260;X;SGSIN;;;;X
070374;CNYTN;FRLEH;SGRU2127053;X;DEHAM;;;;X
661374;CNYTN;NLRTM;GLDU9973910;;;;;;X
661472;CNYTN;NLRTM;CMAU5814621;;;;;;X
661278;CNYTN;FRLEH;ECMU4926419;X;NLRTM;;;;
341576;CNYTN;DEHAM;ECMU4915733;;;;;;X
500574;CNYTN;NLRTM;CGMU5027434;X;SGSIN;;;;
020374;CNYTN;FRLEH;CMAU6943881;X;SGSIN;;;;
171086;CNYTN;FRLEH;TRHU2959293;X;DEHAM;;;;
621386;CNYTN;FRLEH;SEKU5933260;X;DEHAM;;;;
220074;CNYTN;DEHAM;CMAU8394292;;;;;;X
421182;CNYTN;MAPTM;ECMU8077773;X;SGSIN;;;;
421080;CNYTN;MAPTM;ECMU8077140;X;SGSIN;;;;
421674;CNYTN;FRLEH;CMAU6980838;X;SGSIN;;;;X
070384;CNYTN;FRLEH;TEMU5332322;X;DEHAM;;;;
310176;CNYTN;MAPTM;FCIU4161852;X;PLGDN;;;;X
460576;CNYTN;DEHAM;ECMU4921910;;;;;;X
220274;CNYTN;DEHAM;CMAU8297841;;;;;;X
050784;CNYTN;FRLEH;CMAU0304939;X;DEHAM;;;;
141276;CNYTN;MAPTM;ECMU4925855;X;DEHAM;;;;X
141672;CNYTN;MAPTM;TLLU4667071;X;DEHAM;;;;X
741784;CNYTN;DEHAM;FFAU1547320;X;SGSIN;;;;
141476;CNYTN;MAPTM;CAAU6198680;;;;;;X
050782;CNYTN;FRLEH;TEMU1016162;X;DEHAM;;;;
420284;CNYTN;MAPTM;ECMU8069274;X;PLGDN;;;;
460076;CNYTN;DEHAM;OPDU4102497;;;;;;X
310180;CNYTN;MAPTM;SGCU2208901;X;PLGDN;;;;
220172;CNYTN;DEHAM;APZU4677010;;;;;;X
341872;CNYTN;DEHAM;FFAU4903240;;;;;;X
581376;CNYTN;DEHAM;ECMU4925095;;;;;;X
740584;CNYTN;PLGDN;FFAU4213780;X;SGSIN;;;;
341982;CNYTN;FRLEH;TCLU6454544;X;DEHAM;;;;
901582;CNYTN;MAPTM;ECMU8047085;X;DEHAM;;;;
341574;CNYTN;DEHAM;BSIU8180837;;;;;;X
661174;CNYTN;NLRTM;TLLU8343229;;;;;;X
661772;CNYTN;NLRTM;CBHU8460597;;;;;;X
070372;CNYTN;FRLEH;CXDU1072578;X;DEHAM;;;;X
581878;CNYTN;MAPTM;ECMU8087621;X;SGSIN;;;;
290084;CNYTN;FRLEH;APZU2110053;X;DEHAM;;;;
540174;CNYTN;FRLEH;ECMU4916560;;;;;;X
460376;CNYTN;DEHAM;TCNU7285169;;;;;;X
620186;CNYTN;FRLEH;GESU6849094;X;DEHAM;;;;
620286;CNYTN;FRLEH;TCNU1236779;X;DEHAM;;;;
460276;CNYTN;DEHAM;JTMU6004219;;;;;;X
901276;CNYTN;PLGDN;TEMU9211838;X;DEHAM;;;;
580572;CNYTN;SGSIN;GESU6137438;;;;;;X
901182;CNYTN;MAPTM;DRYU4544432;X;DEHAM;;;;
341184;CNYTN;FRLEH;SEGU5156628;X;DEHAM;;;;
420972;CNYTN;SGSIN;SEKU5683618;;;;;;X
300776;CNYTN;MAPTM;SEKU4522326;;;;;;X
141576;CNYTN;MAPTM;TRHU7090746;;;;;;X
661872;CNYTN;NLRTM;FCIU9094130;;;;;;X
421172;CNYTN;SGSIN;TLLU4431506;;;;;;X
460476;CNYTN;DEHAM;GAOU6966435;;;;;;X
290176;CNYTN;MAPTM;BMOU2191192;X;PLGDN;;;;
420684;CNYTN;MAPTM;TEMU8005128;X;PLGDN;;;;
901674;CNYTN;PLGDN;TTNU8876220;X;DEHAM;;;;
820378;CNYTN;NLRTM;GAOU6974662;X;SGSIN;;;;
542076;CNYTN;FRLEH;CAIU9126199;X;MAPTM;;;;
290382;CNYTN;FRLEH;GLDU5402240;X;PLGDN;;;;
820776;CNYTN;NLRTM;TCNU6132632;X;SGSIN;;;;X
901480;CNYTN;MAPTM;ECMU8150827;X;SGSIN;;;;
661674;CNYTN;NLRTM;TLLU7780760;;;;;;X
820178;CNYTN;NLRTM;CMAU4914349;X;SGSIN;;;;
100880;CNYTN;DEHAM;ECMU8117367;X;SGSIN;;;;
860876;CNYTN;FRLEH;CMAU6418815;;;;;;X
300572;CNYTN;MAPTM;GAOU6032238;;;;;;X
290374;CNYTN;MAPTM;FCIU4662010;X;PLGDN;;;;
420884;CNYTN;MAPTM;DRYU4508672;X;PLGDN;;;;
661372;CNYTN;NLRTM;TCLU9131566;;;;;;X
860274;CNYTN;FRLEH;ECMU4914423;;;;;;X
141772;CNYTN;MAPTM;TCNU3541200;;;;;;X
541184;CNYTN;FRLEH;APHU6723092;X;ESALG;;;;
580080;CNYTN;MAPTM;ECMU8065350;X;SGSIN;;;;
341874;CNYTN;DEHAM;ECMU4925562;;;;;;X
141678;CNYTN;MAPTM;CMAU5925728;X;DEHAM;;;;
540486;CNYTN;FRLEH;TCNU9997922;X;NLRTM;;;;
300574;CNYTN;MAPTM;ECMU4924479;;;;;;X
421280;CNYTN;MAPTM;ECMU8149960;X;SGSIN;;;;
060580;CNYTN;FRLEH;TCLU4406980;X;DEHAM;;;;
290172;CNYTN;MAPTM;TEMU2609162;X;PLGDN;;;;
141278;CNYTN;MAPTM;TLLU4289916;X;DEHAM;;;;
060576;CNYTN;FRLEH;CINU9617755;X;DEHAM;;;;
420484;CNYTN;MAPTM;ECMU8092211;X;PLGDN;;;;
580776;CNYTN;SGSIN;BEAU6126652;;;;;;X
540776;CNYTN;FRLEH;SEKU9070609;X;PLGDN;;;;
070380;CNYTN;FRLEH;XINU1671175;X;DEHAM;;;;
220376;CNYTN;DEHAM;SEGU4986066;;;;;;X
150372;CNYTN;PLGDN;FCIU6341869;;;;;;X
460876;CNYTN;DEHAM;ECMU4917567;;;;;;X
582078;CNYTN;NLRTM;CMAU8392514;X;DEHAM;;;;
661574;CNYTN;NLRTM;TLLU7655069;;;;;;X
421078;CNYTN;FRLEH;ECMU8135550;X;SGSIN;;;;
300772;CNYTN;MAPTM;GAOU6811156;;;;;;X
621286;CNYTN;FRLEH;ECMU4921295;X;DEHAM;;;;
540574;CNYTN;FRLEH;CMAU9283210;X;PLGDN;;;;X
581474;CNSHA;SGSIN;CMAU4528562;;;;;;X
100272;CNSHA;SGSIN;BMOU4256820;;;;;;X
130386;CNYTN;FRLEH;ECMU2066299;X;PLGDN;;;;
141682;CNYTN;MAPTM;ECMU4927858;X;DEHAM;;;;
380284;CNYTN;FRLEH;TCLU8324637;X;MAPTM;;;;
740184;CNYTN;PLGDN;SEKU5817698;X;SGSIN;;;;
020772;CNYTN;FRLEH;SEGU4155463;X;SGSIN;;;;
540372;CNYTN;FRLEH;CMAU9135043;;;;;;X
900782;CNYTN;MAPTM;CAIU5845996;X;SGSIN;;;;
141272;CNYTN;MAPTM;TLLU7565279;X;DEHAM;;;;X
460776;CNYTN;DEHAM;CMAU4676934;;;;;;X
060572;CNYTN;FRLEH;APZU4749491;X;DEHAM;;;;X
300774;CNYTN;MAPTM;SEGU4497722;;;;;;X
420982;CNYTN;DEHAM;TGHU6402880;X;SGSIN;;;;
620886;CNYTN;FRLEH;CMAU5912422;X;DEHAM;;;;
540780;CNYTN;FRLEH;APHU6625542;X;PLGDN;;;;
341384;CNYTN;FRLEH;TCLU6726410;X;DEHAM;;;;
580772;CNYTN;SGSIN;TCLU4621827;;;;;;X
140074;CNYTN;PLGDN;SEKU6026773;;;;;;X
141280;CNYTN;MAPTM;CAIU9377379;X;DEHAM;;;;
141574;CNYTN;MAPTM;CMAU4558926;;;;;;X
901082;CNYTN;NLRTM;TLLU7040932;X;DEHAM;;;;
661676;CNYTN;NLRTM;APHU6694116;;;;;;X
141076;CNYTN;MAPTM;CMAU7895915;;;;;;X
581272;CNYTN;SGSIN;CMAU9180850;;;;;;X
220372;CNYTN;DEHAM;TGHU9529543;;;;;;X
902080;CNYTN;DEHAM;SELU4125250;X;SGSIN;;;;
290178;CNYTN;MAPTM;TEMU0951197;X;PLGDN;;;;
660974;CNYTN;NLRTM;SEKU5550929;;;;;;X
701186;CNYTN;FRLEH;SEKU5613117;X;DEHAM;;;;
500882;CNYTN;NLRTM;TLLU7040871;X;SGSIN;;;;
660982;CNYTN;FRLEH;ECMU4925388;X;NLRTM;;;;
141374;CNYTN;MAPTM;SEGU4349406;;;;;;X
141282;CNYTN;MAPTM;ECMU4904087;X;DEHAM;;;;
130384;CNYTN;FRLEH;TCKU2286810;X;PLGDN;;;;
141774;CNYTN;MAPTM;TRHU7681775;;;;;;X
661476;CNYTN;NLRTM;TIIU4598071;;;;;;X
460176;CNYTN;DEHAM;ECMU4915902;;;;;;X
220072;CNYTN;DEHAM;APZU4882380;;;;;;X
130680;CNYTN;FRLEH;GESU1234501;X;NLRTM;;;;
141674;CNYTN;MAPTM;CMAU3889318;X;DEHAM;;;;X
130684;CNYTN;FRLEH;CMAU2264096;X;NLRTM;;;;
220772;CNYTN;DEHAM;VMBU2400033;;;;;;X
341584;CNYTN;FRLEH;ECMU4926018;X;DEHAM;;;;
540720;CNYTN;FRLEH;CMAU6774415;X;PLGDN;;;;
341476;CNYTN;DEHAM;ECMU4908966;;;;;;X
141072;CNYTN;MAPTM;CMAU9357251;;;;;;X
220276;CNYTN;DEHAM;CMAU9144261;;;;;;X
060582;CNYTN;FRLEH;TCKU4510554;X;DEHAM;;;;
661582;CNYTN;FRLEH;ECMU4914383;X;NLRTM;;;;
740484;CNYTN;PLGDN;CMAU4635262;X;SGSIN;;;;
661172;CNYTN;NLRTM;CAIU9679954;;;;;;X
300576;CNYTN;MAPTM;CMAU5828121;;;;;;X
661572;CNYTN;NLRTM;GCXU5836275;;;;;;X
141676;CNYTN;MAPTM;FFAU1218324;X;DEHAM;;;;X
220472;CNYTN;DEHAM;APZU4739169;;;;;;X
580078;CNYTN;MAPTM;ECMU8046807;X;SGSIN;;;;
581874;CNSHA;SGSIN;CMAU6726490;;;;;;X
901676;CNSHA;PLGDN;CGMU5601368;X;DEHAM;;;;
070084;CNNGB;FRLEH;SLEU2312730;X;DEHAM;;;;
581276;CNSHA;SGSIN;GCXU5855001;;;;;;X
180276;CNSHA;SGSIN;SEGU5736987;;;;;;X
820780;CNYTN;NLRTM;TLLU7040953;X;SGSIN;;;;
621784;CNNGB;FRLEH;CAIU9632601;X;DEHAM;;;;
740084;CNYTN;PLGDN;CMAU6143359;X;SGSIN;;;;
540072;CNYTN;FRLEH;TRLU9460771;;;;;;X
060578;CNYTN;FRLEH;TCLU4195418;X;DEHAM;;;;
581274;DEHAM;SGSIN;CMAU8575650;;;;;;X
580882;CNYTN;NLRTM;TLLU7040948;X;SGSIN;;;;
020572;CNYTN;FRLEH;CMAU4032736;X;SGSIN;;;;
901682;CNYTN;MAPTM;TEMU8004800;X;SGSIN;;;;
140976;CNYTN;MAPTM;ECMU4925006;;;;;;X
421774;CNYTN;FRLEH;CMAU6568179;X;SGSIN;;;;X
140072;CNYTN;PLGDN;GLDU7627591;;;;;;X
141680;CNYTN;MAPTM;ECMU4901154;X;DEHAM;;;;
341980;CNYTN;FRLEH;TCLU6540508;X;DEHAM;;;;
581480;CNYTN;NLRTM;TLLU7040866;X;SGSIN;;;;
341572;CNYTN;DEHAM;CMAU4509351;;;;;;X
660972;CNYTN;NLRTM;GCXU6018801;;;;;;X
140972;CNYTN;MAPTM;CMAU9271081;;;;;;X
341784;CNYTN;FRLEH;APHU6662612;X;DEHAM;;;;
020378;CNYTN;FRLEH;APHU7216739;X;SGSIN;;;;
902082;CNYTN;FRLEH;TCNU1868195;X;SGSIN;;;;
130884;CNYTN;FRLEH;CMAU2630786;X;MAPTM;;;;
150286;CNYTN;FRLEH;TCLU3945755;X;DEHAM;;;;
141074;CNYTN;MAPTM;APHU7050268;;;;;;X
820176;CNYTN;NLRTM;TRHU8918563;X;SGSIN;;;;X
220474;CNYTN;DEHAM;TRLU8740438;;;;;;X
740384;CNYTN;PLGDN;CMAU7619157;X;SGSIN;;;;
020874;CNYTN;FRLEH;CMAU4920824;X;SGSIN;;;;
191086;CNYTN;FRLEH;CMAU2814607;X;NLRTM;;;;
820376;CNYTN;NLRTM;CMAU8677604;X;SGSIN;;;;X
290372;CNYTN;MAPTM;APZU3694558;X;PLGDN;;;;
140974;CNYTN;MAPTM;TRHU5885255;;;;;;X
141572;CNYTN;MAPTM;BMOU5668041;;;;;;X
901272;CNYTN;PLGDN;TEMU9338890;X;DEHAM;;;;
901274;CNYTN;PLGDN;TTNU8250555;X;DEHAM;;;;
180472;CNYTN;SGSIN;CMAU7707010;;;;;;X
901072;CNYTN;PLGDN;SEGU4106010;;;;;;X
661774;CNYTN;NLRTM;TCNU2629662;;;;;;X
820576;CNYTN;NLRTM;TCNU5020520;X;SGSIN;;;;X
220574;CNYTN;DEHAM;CMAU8324757;;;;;;X
310178;CNYTN;MAPTM;TCKU2490525;X;PLGDN;;;;
620586;CNYTN;FRLEH;TGHU6341085;X;DEHAM;;;;
542084;CNYTN;FRLEH;CSNU6304823;X;MAPTM;;;;
180172;CNYTN;FRLEH;CSNU6738408;X;SGSIN;;;;X
661376;CNYTN;NLRTM;SEGU6694926;;;;;;X
661176;CNYTN;NLRTM;FFAU2314261;;;;;;X
220774;CNYTN;DEHAM;OOLU9287516;;;;;;X
300582;CNNGB;FRLEH;CSNU6614243;X;MAPTM;;;;
180176;CNYTN;FRLEH;OOCU7351380;X;SGSIN;;;;X
180074;CNYTN;FRLEH;CSNU6127081;;;;;;X
700786;CNYTN;FRLEH;OOCU8707686;X;DEHAM;;;;
010478;CNYTN;NLRTM;OOLU1718598;X;SGSIN;;;;
300784;CNNGB;FRLEH;OOCU6552179;X;MAPTM;;;;
780376;CNNGB;FRLEH;CCLU7622728;;;;;;X
581576;CNYTN;DEHAM;BMOU4843073;;;;;;X
581574;CNYTN;DEHAM;OOCU8043083;;;;;;X
300884;CNSHA;FRLEH;FCIU9948706;X;NLRTM;;;;
380686;CNYTN;FRLEH;FSCU8581338;X;MAPTM;;;;
310380;CNYTN;FRLEH;FCIU5960318;X;PLGDN;;;;
621586;CNYTN;FRLEH;CSNU8086588;X;DEHAM;;;;
620986;CNYTN;FRLEH;TRHU6433326;X;DEHAM;;;;
540772;CNYTN;FRLEH;OERU4017530;X;PLGDN;;;;X
271282;CNYTN;FRLEH;CSNU2014770;X;NLRTM;;;;
420780;CNYTN;FRLEH;DFSU7799926;X;NLRTM;X;MAPTM;12;
180274;CNYTN;FRLEH;TGBU4775990;;;X;SGSIN;12;X
020578;CNYTN;FRLEH;OOCU8957751;X;SGSIN;;;;
780772;CNYTN;FRLEH;OOCU8014172;;;;;;X
701086;CNYTN;FRLEH;CSNU6858168;X;DEHAM;;;;
860672;CNYTN;FRLEH;FBIU5290810;;;;;;X
460676;CNYTN;DEHAM;TRHU5877060;;;;;;X
780576;CNYTN;FRLEH;BMOU5013743;;;;;;X
020978;CNYTN;FRLEH;OOCU8332321;X;SGSIN;;;;
180174;CNYTN;FRLEH;CCLU7717567;X;SGSIN;;;;X
380886;CNYTN;FRLEH;UETU5265200;X;MAPTM;;;;
621884;CNYTN;FRLEH;CSNU6181821;X;DEHAM;;;;
540782;CNYTN;FRLEH;UETU5948211;X;PLGDN;;;;
180072;CNYTN;FRLEH;BMOU5681296;;;;;;X
150284;CNYTN;FRLEH;CSNU1206090;X;DEHAM;;;;
540286;CNYTN;FRLEH;OOLU9071949;X;NLRTM;;;;
070984;CNYTN;FRLEH;CSLU1315181;X;DEHAM;;;;
341676;CNYTN;DEHAM;TCKU6973368;;;;;;X
542078;CNYTN;FRLEH;OOCU7875880;X;MAPTM;;;;
780572;CNYTN;FRLEH;OERU4275330;;;;;;X
180076;CNYTN;FRLEH;FFAU2804931;;;;;;X
220476;CNYTN;DEHAM;TRHU4095092;;;;;;X
780776;CNYTN;FRLEH;FFAU2453400;;;;;;X
421076;CNYTN;FRLEH;FBIU5177954;X;SGSIN;;;;X
540886;CNYTN;FRLEH;OOLU9073900;X;NLRTM;;;;
341582;CNYTN;FRLEH;SEGU5375009;X;DEHAM;;;;
620786;CNYTN;FRLEH;CSNU8349447;X;DEHAM;;;;
541884;CNYTN;FRLEH;TEMU7494580;X;MAPTM;;;;
701786;CNYTN;FRLEH;OOCU4775595;X;DEHAM;;;;
070784;CNYTN;FRLEH;UETU2451411;X;DEHAM;;;;
540176;CNYTN;FRLEH;FSCU8758640;;;;;;X
540572;CNYTN;FRLEH;CSNU6711351;X;PLGDN;;;;X
661182;CNYTN;FRLEH;BMOU5068812;X;NLRTM;;;;
661576;CNYTN;NLRTM;FCIU7193067;;;;;;X
341772;CNYTN;DEHAM;UETU5329881;;;;;;X
700986;CNYTN;FRLEH;BSIU9465979;X;DEHAM;;;;
020774;CNYTN;FRLEH;FFAU3485382;X;SGSIN;;;;
180272;CNYTN;FRLEH;FFAU1346536;;;X;SGSIN;14;X
020872;CNSHA;FRLEH;FCIU7081730;X;SGSIN;;;;
580176;CNSHA;SGSIN;CSLU6167301;;;;;;X
180178;CNYTN;FRLEH;TCKU6711178;X;SGSIN;;;;
101174;CNNGB;SGSIN;TLLU4438840;;;;;;X
020780;CNYTN;FRLEH;TCNU5024079;X;SGSIN;;;;
100280;CNYTN;DEHAM;DFSU7739531;X;SGSIN;;;;
460674;CNYTN;DEHAM;FBIU5348698;;;;;;X
150686;CNYTN;FRLEH;BMOU1133308;X;DEHAM;;;;
541684;CNYTN;FRLEH;OOCU7984829;X;MAPTM;;;;
421476;CNYTN;FRLEH;EGSU9705600;X;SGSIN;;;;X
701686;CNYTN;FRLEH;EGHU9798105;X;DEHAM;;;;
621086;CNYTN;FRLEH;EGHU9796252;X;DEHAM;;;;
620486;CNYTN;FRLEH;EGHU9668415;X;DEHAM;;;;
580582;CNYTN;FRLEH;TLLU4299302;X;SGSIN;;;;
542082;CNYTN;FRLEH;EMCU8450085;X;MAPTM;;;;
542080;CNYTN;FRLEH;EGSU9700090;X;MAPTM;;;;
310386;CNYTN;FRLEH;EITU0264460;X;PLGDN;;;;
661382;CNYTN;FRLEH;CAAU5715583;X;NLRTM;;;;
020974;CNYTN;FRLEH;EGHU9368634;X;SGSIN;;;;
621786;CNYTN;FRLEH;EISU1892133;X;DEHAM;;;;
700486;CNYTN;FRLEH;EGSU9704687;X;DEHAM;;;;
700886;CNYTN;FRLEH;EGSU9480972;X;DEHAM;;;;
191078;CNYTN;FRLEH;EGHU3950340;X;NLRTM;;;;
290378;CNYTN;FRLEH;EGHU3541871;X;PLGDN;;;;
780774;CNYTN;FRLEH;HMCU9226299;;;;;;X
020876;CNYTN;FRLEH;TGBU9957771;X;SGSIN;;;;
661074;CNYTN;FRLEH;FFAU5161680;X;NLRTM;;;;X
020376;CNYTN;FRLEH;EMCU8733681;X;SGSIN;;;;
171082;CNYTN;FRLEH;DRYU2756221;X;DEHAM;;;;
380072;CNYTN;FRLEH;EGHU9638180;;;;;;X
780174;CNYTN;FRLEH;TLLU4845234;;;;;;X
421872;CNYTN;FRLEH;TXGU7407491;X;SGSIN;;;;X
020674;CNYTN;FRLEH;BSIU8406164;X;SGSIN;;;;
191084;CNYTN;FRLEH;TRHU3624925;X;NLRTM;;;;
171284;CNYTN;FRLEH;EGSU3248893;X;NLRTM;;;;
780172;CNYTN;FRLEH;GAOU6268331;;;;;;X
860276;CNYTN;FRLEH;EGSU9342865;;;;;;X
540784;CNYTN;FRLEH;EGSU9705404;X;PLGDN;;;;
380484;CNYTN;FRLEH;EITU1105102;X;MAPTM;;;;
700686;CNYTN;FRLEH;EMCU8594863;X;DEHAM;;;;
020776;CNYTN;FRLEH;EITU1746111;X;SGSIN;;;;
020778;CNYTN;FRLEH;EMCU8506034;X;SGSIN;;;;
290376;CNYTN;FRLEH;TRHU1184046;X;PLGDN;;;;
820782;CNYTN;FRLEH;FBIU7911075;X;SGSIN;;;;
100080;CNYTN;FRLEH;EMCU8050197;X;SGSIN;;;;
661272;CNYTN;FRLEH;EGSU9705791;X;NLRTM;;;;X
701286;CNYTN;FRLEH;TGBU7751380;X;DEHAM;;;;
420976;CNYTN;FRLEH;EGSU9761481;X;SGSIN;;;;X
780372;CNYTN;FRLEH;TRHU5642888;;;;;;X
580584;CNYTN;FRLEH;EGSU9700188;X;SGSIN;;;;
420978;CNYTN;FRLEH;EGSU9698223;X;SGSIN;;;;
171280;CNYTN;FRLEH;EGHU3907235;X;NLRTM;;;;
661072;CNYTN;FRLEH;EGSU9703058;X;NLRTM;;;;X
310184;CNYTN;FRLEH;EGSU3271086;X;PLGDN;;;;
540786;CNYTN;FRLEH;EGSU9697119;X;PLGDN;;;;
380684;CNYTN;FRLEH;EGHU9107899;X;MAPTM;;;;
820380;CNYTN;FRLEH;EMCU8072160;X;SGSIN;;;;
171084;CNYTN;FRLEH;EGSU3489859;X;DEHAM;;;;
380486;CNYTN;FRLEH;EGSU9704882;X;MAPTM;;;;
701886;CNYTN;FRLEH;HMCU1055287;X;DEHAM;;;;
191284;CNYTN;FRLEH;EITU3179568;X;NLRTM;;;;
661274;CNYTN;FRLEH;BSIU8407330;X;NLRTM;;;;X
620386;CNYTN;FRLEH;EGSU9433008;X;DEHAM;;;;
191276;CNYTN;FRLEH;EMCU3934549;X;NLRTM;;;;X
191082;CNYTN;FRLEH;EGSU3248342;X;NLRTM;;;;
860272;CNYTN;FRLEH;EITU9317622;;;;;;X
171276;CNYTN;FRLEH;EMCU6165392;X;NLRTM;;;;
380884;CNYTN;FRLEH;EISU8588061;X;MAPTM;;;;
860476;CNYTN;FRLEH;TLLU4717969;;;;;;X
340784;CNYTN;FRLEH;EMCU8222906;X;MAPTM;;;;
380286;CNYTN;FRLEH;TGBU6962394;X;MAPTM;;;;
290184;CNYTN;FRLEH;DRYU2995289;X;PLGDN;;;;
620686;CNYTN;FRLEH;EGHU9339976;X;DEHAM;;;;
421276;CNYTN;FRLEH;TGBU9969725;X;SGSIN;;;;X
421374;CNYTN;FRLEH;EMCU1759940;X;SGSIN;;;;X
541886;CNYTN;FRLEH;TGBU6145352;X;MAPTM;;;;
380882;CNYTN;FRLEH;DRYU9847642;X;MAPTM;;;;
191278;CNYTN;FRLEH;EITU0561303;X;NLRTM;;;;
070780;CNYTN;FRLEH;TRHU1175208;X;DEHAM;;;;
290380;CNYTN;FRLEH;EGHU3300642;X;PLGDN;;;;
780574;CNYTN;FRLEH;TLLU4156240;;;;;;X
060574;CNYTN;FRLEH;EGSU1006801;X;DEHAM;;;;X
020672;CNYTN;FRLEH;EITU9163492;X;SGSIN;;;;
700586;CNYTN;FRLEH;EGSU1261387;X;DEHAM;;;;
020580;CNYTN;FRLEH;TXGU6075303;X;SGSIN;;;;
621186;CNYTN;FRLEH;EISU8222344;X;DEHAM;;;;
421772;CNYTN;FRLEH;EGSU9397868;X;SGSIN;;;;X
860472;CNYTN;FRLEH;TCNU6383854;;;;;;X
050984;CNYTN;FRLEH;EGHU3524909;X;DEHAM;;;;
620086;CNYTN;FRLEH;EISU8477849;X;DEHAM;;;;
020980;CNYTN;FRLEH;EMCU9775594;X;SGSIN;;;;
421278;CNYTN;FRLEH;FCIU9458988;X;SGSIN;;;;
661078;CNYTN;FRLEH;EMCU8677438;X;NLRTM;;;;
621486;CNYTN;FRLEH;DRYU9683343;X;DEHAM;;;;
661076;CNYTN;FRLEH;TGBU7021504;X;NLRTM;;;;X
580580;CNYTN;FRLEH;EITU1706382;X;SGSIN;;;;
171282;CNYTN;FRLEH;EISU2159028;X;NLRTM;;;;
701586;CNYTN;FRLEH;EMCU1780700;X;DEHAM;;;;
700086;CNYTN;FRLEH;TCKU6489332;X;DEHAM;;;;
780176;CNYTN;FRLEH;EITU1795224;;;;;;X
191274;CNYTN;FRLEH;EGSU3366366;X;NLRTM;;;;X
622084;CNYTN;FRLEH;EGSU1257849;X;DEHAM;;;;
050484;CNYTN;FRLEH;EITU0021619;X;NLRTM;;;;
541486;CNYTN;FRLEH;EGHU9757580;X;MAPTM;;;;
780074;CNYTN;FRLEH;EGSU9210046;;;;;;X
541584;CNYTN;FRLEH;EMCU1727748;X;MAPTM;;;;
171274;CNYTN;FRLEH;EITU0595129;X;NLRTM;;;;
300578;CNYTN;FRLEH;FFAU2146065;X;MAPTM;;;;
700286;CNYTN;FRLEH;EITU9292817;X;DEHAM;;;;
421372;CNYTN;FRLEH;TLLU5907665;X;SGSIN;;;;X
541686;CNYTN;FRLEH;EGHU9716302;X;MAPTM;;;;
540582;CNYTN;FRLEH;EMCU8376964;X;PLGDN;;;;
130382;CNYTN;FRLEH;TEMU4133898;X;PLGDN;;;;
780076;CNYTN;FRLEH;EMCU8799380;;;;;;X
820578;CNYTN;NLRTM;EITU1308630;X;SGSIN;;;;
171286;CNYTN;FRLEH;EGHU3379971;X;NLRTM;;;;
150386;CNYTN;FRLEH;TRHU3702458;X;PLGDN;;;;
300584;CNYTN;FRLEH;TGBU6580220;X;MAPTM;;;;
820382;CNYTN;FRLEH;DRYU9569768;X;SGSIN;;;;
540374;CNYTN;FRLEH;TRHU7132456;;;;;;X
070078;CNYTN;FRLEH;LYGU1633599;X;DEHAM;;;;
271278;CNYTN;FRLEH;EITU3101831;X;NLRTM;;;;
020878;CNYTN;FRLEH;EMCU9908300;X;SGSIN;;;;
540686;CNYTN;FRLEH;EGSU8003430;X;NLRTM;;;;
540074;CNYTN;FRLEH;GAOU6674860;;;;;;X
060584;CNYTN;FRLEH;IMTU1006165;X;DEHAM;;;;
421572;CNYTN;FRLEH;GAOU7241438;X;SGSIN;;;;X
310378;CNYTN;FRLEH;DRYU2761315;X;PLGDN;;;;
020576;CNYTN;FRLEH;DRYU9452508;X;SGSIN;;;;
020976;CNYTN;FRLEH;EGSU1255506;X;SGSIN;;;;
701486;CNYTN;FRLEH;GAOU7245768;X;DEHAM;;;;
020372;CNYTN;FRLEH;TRHU6333570;X;SGSIN;;;;
661276;CNYTN;FRLEH;TGBU4021007;X;NLRTM;;;;X
020678;CNYTN;FRLEH;EMCU9932081;X;SGSIN;;;;
150584;CNYTN;FRLEH;TRHU2842265;X;PLGDN;;;;
070082;CNYTN;FRLEH;EITU0350390;X;DEHAM;;;;
621686;CNYTN;FRLEH;TRHU4423041;X;DEHAM;;;;
191282;CNYTN;FRLEH;EGSU3394835;X;NLRTM;;;;
901782;CNYTN;FRLEH;MAGU5396100;X;MAPTM;;;;
171078;CNYTN;FRLEH;EGHU3805399;X;DEHAM;;;;
421874;CNYTN;FRLEH;GAOU7245813;X;SGSIN;;;;X
191280;CNNGB;FRLEH;LYGU1639262;X;NLRTM;;;;
020972;CNNGB;FRLEH;CAAU5414548;X;SGSIN;;;;
580784;CNSHA;FRLEH;EMCU8077393;X;SGSIN;;;;
580782;CNSHA;FRLEH;BSIU5007284;X;SGSIN;;;;
540778;CNNGB;FRLEH;TRHU8294868;X;PLGDN;;;;
020380;CNNGB;FRLEH;EITU1079277;X;SGSIN;;;;
540580;CNNGB;FRLEH;DRYU9791501;X;PLGDN;;;;
290086;CNNGB;FRLEH;DRYU2551622;X;DEHAM;;;;
421474;CNNGB;FRLEH;TRHU7568985;X;SGSIN;;;;X
580780;CNSHA;FRLEH;EMCU8085697;X;SGSIN;;;;
421176;CNNGB;FRLEH;OOCU8525887;X;SGSIN;;;;X
101276;CNNGB;SGSIN;SEGU4943125;;;;;;X
101274;CNNGB;SGSIN;CSNU7504235;;;;;;X
111672;CNSHA;FRLEH;OOLU2062483;X;DEHAM;;;;
100676;CNNGB;SGSIN;TIIU5725397;;;;;;X
101076;CNNGB;SGSIN;OOCU8809749;;;;;;X
050284;CNYTN;FRLEH;OOLU1781374;X;PLGDN;;;;
820374;CNYTN;NLRTM;TGBU4951195;X;SGSIN;;;;X
580074;CNYTN;SGSIN;OOCU8778226;;;;;;X
820182;CNYTN;FRLEH;TGHU6989273;X;SGSIN;;;;
460774;CNYTN;DEHAM;OOCU8960626;;;;;;X
310382;CNYTN;FRLEH;OOLU0476376;X;PLGDN;;;;
701386;CNYTN;FRLEH;OOCU7987068;X;DEHAM;;;;
460772;CNYTN;DEHAM;FSCU8788536;;;;;;X
581374;CNYTN;DEHAM;OOCU7430690;;;;;;X
271280;CNYTN;FRLEH;TRHU2690455;X;NLRTM;;;;
111772;CNYTN;DEHAM;OOLU1892444;;;;;;X
580172;CNYTN;SGSIN;FFAU2769717;;;;;;X
220176;CNYTN;DEHAM;OOCU8508560;;;;;;X
191076;CNYTN;FRLEH;TLLU1242495;X;NLRTM;;;;X
220076;CNYTN;DEHAM;TEMU6038610;;;;;;X
540578;CNYTN;FRLEH;FFAU3357530;X;PLGDN;;;;
581176;CNYTN;DEHAM;TRHU6387030;;;;;;X
580374;CNYTN;SGSIN;CSNU6680245;;;;;;X
580174;CNYTN;SGSIN;CSNU8513519;;;;;;X
661782;CNYTN;FRLEH;TCNU3996657;X;NLRTM;;;;
820172;CNYTN;NLRTM;OOLU6933865;X;SGSIN;;;;X
191080;CNYTN;FRLEH;SLSU2120834;X;NLRTM;;;;
421574;CNYTN;FRLEH;FFAU3549580;X;SGSIN;;;;X
580576;CNYTN;SGSIN;OOCU8733181;;;;;;X
540172;CNYTN;FRLEH;OOCU8205939;;;;;;X
860474;CNYTN;FRLEH;SEKU4023651;;;;;;X
171278;CNYTN;FRLEH;CSNU1549715;X;NLRTM;;;;
111774;CNYTN;DEHAM;CBHU4347941;;;;;;X
540076;CNYTN;FRLEH;TGBU7771010;;;;;;X
820572;CNYTN;NLRTM;OOCU7856772;X;SGSIN;;;;X
070382;CNYTN;FRLEH;TEMU3575719;X;DEHAM;;;;
780374;CNYTN;FRLEH;CCLU5226883;;;;;;X
020676;CNYTN;FRLEH;BMOU4943030;X;SGSIN;;;;
421576;CNYTN;SGSIN;FFAU3126309;;;;;;X
341674;CNYTN;DEHAM;OOCU7067136;;;;;;X
290182;CNYTN;FRLEH;CSNU1824870;X;PLGDN;;;;
820772;CNYTN;NLRTM;TEMU8436104;X;SGSIN;;;;X
700186;CNYTN;FRLEH;FFAU2711103;X;DEHAM;;;;
580376;CNYTN;SGSIN;OOCU8420572;;;;;;X
580076;CNYTN;SGSIN;FFAU3248842;;;;;;X
180474;CNYTN;SGSIN;CCLU7626472;;;;;;X
100274;CNYTN;SGSIN;CBHU9470250;;;;;;X
540376;CNYTN;FRLEH;OOCU6992141;;;;;;X
100276;CNYTN;SGSIN;TXGU7840177;;;;;;X
341774;CNYTN;DEHAM;OOCU7768706;;;;;;X
580774;CNYTN;SGSIN;CSNU7783150;;;;;;X
421072;CNYTN;NLRTM;FSCU5354921;;;X;MAPTM;20;
300284;CNYTN;FRLEH;OOCU9089176;X;NLRTM;;;;
290180;CNYTN;FRLEH;CSLU1742497;X;PLGDN;;;;
820774;CNYTN;NLRTM;OOCU7149194;X;SGSIN;;;;X
421174;CNYTN;SGSIN;OOCU8579327;;;;;;X
820778;CNYTN;NLRTM;CSNU6697736;X;SGSIN;;;;
700386;CNYTN;FRLEH;OOCU8236903;X;DEHAM;;;;
620684;CNYTN;FRLEH;OOCU8624107;X;DEHAM;;;;
742084;CNYTN;DEHAM;BMOU5600864;X;SGSIN;;;;
130676;CNYTN;FRLEH;OOLU0229360;X;NLRTM;;;;
740784;CNYTN;DEHAM;MAGU5645877;X;SGSIN;;;;
191286;CNYTN;FRLEH;DFSU2331362;X;NLRTM;;;;
341382;CNYTN;FRLEH;TCNU7153579;X;DEHAM;;;;
580574;CNYTN;SGSIN;OOLU8916276;;;;;;X
581872;CNYTN;SGSIN;OOCU8860930;;;;;;X
130678;CNYTN;FRLEH;BEAU2244045;X;NLRTM;;;;
820372;CNYTN;NLRTM;CSNU7292434;X;SGSIN;;;;X
300580;CNYTN;FRLEH;TGBU8747847;X;MAPTM;;;;
540718;CNYTN;FRLEH;CSNU6712810;X;PLGDN;;;;
820574;CNYTN;NLRTM;TRHU5962120;X;SGSIN;;;;X
540576;CNYTN;FRLEH;UETU5179760;X;PLGDN;;;;X
070378;CNYTN;FRLEH;OOLU1826669;X;DEHAM;;;;
581472;CNYTN;SGSIN;OOCU7066232;;;;;;X
011272;CNSHA;NLRTM;VERU4402257;;;X;SGSIN;12;
011274;CNSHA;NLRTM;DBOU2249226;;;X;SGSIN;10;
020072;CNSHA;MAPTM;CMAU9744667;X;PLGDN;;;;
020074;CNNGB;MAPTM;CMAU5520648;X;PLGDN;;;;
020076;CNSHA;MAPTM;TGBU4832750;X;PLGDN;;;;
020078;CNSHA;MAPTM;CMAU4206587;X;PLGDN;;;;
020172;CNSHA;MAPTM;CMAU9762439;X;PLGDN;;;;
020174;CNSHA;MAPTM;TLLU7930263;X;PLGDN;;;;
020176;CNNGB;MAPTM;TLLU7972309;X;PLGDN;;;;
020178;CNSHA;MAPTM;SEGU4126573;X;PLGDN;;;;
020272;CNSHA;MAPTM;CMAU9738181;X;DEHAM;;;;
020274;CNSHA;MAPTM;CAIU8910539;X;DEHAM;;;;
020276;CNNGB;MAPTM;CAIU8405877;X;DEHAM;;;;
020278;CNSHA;MAPTM;TCNU6551900;X;DEHAM;;;;
020020;CNSHA;MAPTM;ECMU6645771;X;PLGDN;X;SGSIN;44;
032072;CNSHA;NLRTM;TEMU4357671;;;X;DEHAM;6;
030218;CNSHA;DEHAM;SEGU7328006;;;X;SGSIN;46;
050072;CNSHA;MAPTM;IPXU3881781;X;DEHAM;;;;
050074;CNSHA;MAPTM;CMAU1621645;X;DEHAM;;;;
050076;CNSHA;MAPTM;PRSU1576432;X;DEHAM;;;;
050078;CNSHA;MAPTM;CMAU2734311;X;DEHAM;;;;
050172;CNSHA;FRLEH;TABU2250022;X;DEHAM;;;;
050174;CNSHA;FRLEH;DFJU0250440;X;DEHAM;;;;
050176;CNSHA;FRLEH;OOCU0355573;X;DEHAM;;;;
050178;CNSHA;FRLEH;EURU1541329;X;DEHAM;;;;
050180;CNSHA;FRLEH;EURU1940885;X;DEHAM;;;;
050182;CNSHA;FRLEH;CMAU2688279;X;DEHAM;;;;
050184;CNSHA;FRLEH;CMAU3201385;X;DEHAM;;;;
050478;CNNGB;FRLEH;DRYU2684327;X;NLRTM;;;;
050480;CNNGB;FRLEH;TCLU3670010;X;NLRTM;;;;
050482;CNNGB;FRLEH;TCKU1170701;X;NLRTM;;;;
050772;CNSHA;FRLEH;HGTU9613686;X;DEHAM;;;;
050774;CNSHA;FRLEH;FYCU7104396;X;DEHAM;;;;
050776;CNSHA;FRLEH;WNGU2372499;X;DEHAM;;;;
050778;CNSHA;FRLEH;CSLU1350304;X;DEHAM;;;;
050780;CNSHA;FRLEH;TEMU3453881;X;DEHAM;;;;
070072;CNSHA;MAPTM;CMAU0364671;X;DEHAM;;;;X
070074;CNSHA;MAPTM;TCKU3640065;X;DEHAM;;;;X
070076;CNSHA;MAPTM;TLLU2790889;X;DEHAM;;;;
070172;CNSHA;FRLEH;UTCU4146133;X;DEHAM;;;;X
070174;CNSHA;FRLEH;SNTU7700410;X;DEHAM;;;;X
070176;CNSHA;FRLEH;BMOU1624913;X;DEHAM;;;;
070178;CNSHA;FRLEH;OOLU0918009;X;DEHAM;;;;
070180;CNSHA;FRLEH;BSIU2434512;X;DEHAM;;;;
070182;CNSHA;FRLEH;TTNU1173082;X;DEHAM;;;;
070184;CNSHA;FRLEH;DRYU2972010;X;DEHAM;;;;
070272;CNNGB;NLRTM;SLZU2522690;;;;;;X
070274;CNNGB;NLRTM;DHDU2355550;;;;;;X
070472;CNNGB;NLRTM;EXFU6665343;;;;;;X
070474;CNNGB;NLRTM;EXFU6665934;;;;;;X
070672;CNNGB;NLRTM;EXFU6675953;;;;;;X
070674;CNNGB;NLRTM;EXFU6676672;;;;;;X
070772;CNSHA;FRLEH;CMAU2310587;X;DEHAM;;;;X
070774;CNSHA;FRLEH;EITU3054811;X;DEHAM;;;;X
070776;CNSHA;FRLEH;FYCU7104014;X;DEHAM;;;;
070778;CNSHA;FRLEH;EGHU3321476;X;DEHAM;;;;
070872;CNNGB;NLRTM;FLNU6808634;;;;;;X
070874;CNNGB;NLRTM;FLNU6808681;;;;;;X
070972;CNSHA;DEHAM;VSTU5201462;;;;;;X
070974;CNSHA;DEHAM;VSTU5201478;;;;;;X
071072;CNSHA;DEHAM;SEGU7333065;;;;;;X
071074;CNSHA;DEHAM;TRIU0295373;;;;;;X
071172;CNSHA;DEHAM;PCVU2644769;;;;;;X
071174;CNSHA;DEHAM;PCVU2644795;;;;;;X
071272;CNSHA;DEHAM;TLLU2188017;;;;;;X
071274;CNSHA;DEHAM;SEGU2849830;;;;;;X
071372;CNSHA;DEHAM;SEGU3095436;;;;;;X
071374;CNSHA;DEHAM;CMAU2007518;;;;;;X
071474;CNSHA;DEHAM;GLDU5014712;;;;;;X
071572;CNSHA;DEHAM;SEGU1180159;;;;;;X
071574;CNSHA;DEHAM;OOLU0313928;;;;;;X
071772;CNSHA;DEHAM;DFSU2476540;;;;;;X
071774;CNSHA;DEHAM;CMAU1558223;;;;;;X
100072;CNNGB;SGSIN;OOCU7682984;;;;;;X
100074;CNNGB;SGSIN;FFAU1589069;;;;;;X
100076;CNNGB;SGSIN;OOCU7214108;;;;;;X
100172;CNNGB;SGSIN;BSIU9525110;;;;;;X
100174;CNNGB;SGSIN;CSLU6346190;;;;;;X
100176;CNNGB;SGSIN;BMOU5125764;;;;;;X
100372;CNNGB;SGSIN;TLLU8963620;;;;;;X
100374;CNNGB;SGSIN;TCLU5540524;;;;;;X
100376;CNNGB;SGSIN;TCLU1775747;;;;;;X
100572;CNNGB;SGSIN;OOCU8426415;;;;;;X
100574;CNNGB;SGSIN;SEKU5582551;;;;;;X
100576;CNNGB;SGSIN;DFSU6848055;;;;;;X
100772;CNNGB;SGSIN;UETU6215040;;;;;;X
100774;CNNGB;SGSIN;OOCU8282072;;;;;;X
100776;CNNGB;SGSIN;CSNU6965633;;;;;;X
150272;CNNGB;NLRTM;SLZU2575848;;;;;;X
150274;CNNGB;NLRTM;DHDU2191775;;;;;;X
150276;CNNGB;DEHAM;TEMU3312121;;;;;;X
150472;CNNGB;NLRTM;EURU1845424;;;;;;X
150474;CNNGB;NLRTM;DHDU2357336;;;;;;X
150476;CNNGB;DEHAM;BEAU2480159;;;;;;X
150572;CNSHA;PLGDN;TEMU1005846;;;;;;X
150574;CNSHA;PLGDN;TCLU3815221;;;;;;X
150576;CNSHA;PLGDN;CMAU1020541;;;;;;X
150672;CNNGB;NLRTM;SLZU2568957;;;;;;X
150674;CNNGB;NLRTM;CMAU3088659;;;;;;X
150676;CNNGB;DEHAM;UNDU1077540;;;;;;X
150772;CNNGB;PLGDN;XINU1282255;;;;;;X
150774;CNNGB;PLGDN;FCIU3013399;;;;;;X
150776;CNNGB;PLGDN;BEAU2190484;;;;;;X
150872;CNNGB;NLRTM;EURU1743654;;;;;;X
150874;CNNGB;NLRTM;TLLU2352096;;;;;;X
150876;CNNGB;MAPTM;TGHU1391653;;;;;;X
180972;CNNGB;FRLEH;TEMU8304561;;;;;;X
180974;CNNGB;FRLEH;DRYU9807233;;;;;;X
180976;CNNGB;FRLEH;EMCU8612118;;;;;;X
181172;CNNGB;FRLEH;FCIU9936650;;;;;;X
181174;CNNGB;FRLEH;TXGU5617040;;;;;;X
181176;CNNGB;FRLEH;TGBU6960853;;;;;;X
181372;CNNGB;FRLEH;TGHU6849667;;;;;;X
181374;CNNGB;FRLEH;EMCU8667131;;;;;;X
181376;CNNGB;FRLEH;TCLU8952525;;;;;;X
181472;CNNGB;FRLEH;TRHU5302893;;;;;;X
181474;CNNGB;FRLEH;TIIU5747349;;;;;;X
181476;CNNGB;FRLEH;MAGU5371246;;;;;;X
181572;CNNGB;FRLEH;TCLU6335139;;;;;;X
181574;CNNGB;FRLEH;TLLU4134513;;;;;;X
181576;CNNGB;FRLEH;EGHU8257913;;;;;;X
181672;CNNGB;FRLEH;EISU8477140;;;;;;X
181674;CNNGB;FRLEH;TGBU8780233;;;;;;X
181676;CNNGB;FRLEH;SEKU4351120;;;;;;X
181772;CNNGB;FRLEH;EITU9250914;;;;;;X
181774;CNNGB;FRLEH;GAOU6370934;;;;;;X
181872;CNNGB;FRLEH;OOCU6871047;;;;;;X
181874;CNNGB;FRLEH;TGBU9974655;;;;;;X
191072;CNNGB;NLRTM;EMCU6342749;;;;;;X
191074;CNNGB;NLRTM;TRHU3391715;;;;;;X
191272;CNNGB;NLRTM;FCIU5426642;;;;;;X
220672;CNSHA;DEHAM;UETU5116696;;;;;;X
220674;CNNGB;DEHAM;CMAU6853427;;;;;;X
220676;CNNGB;DEHAM;TIIU4942269;;;;;;X
220872;CNSHA;DEHAM;BEAU6120464;;;;;;X
220874;CNSHA;DEHAM;GAOU6253516;;;;;;X
220876;CNSHA;DEHAM;OPDU4103805;;;;;;X
220972;CNSHA;DEHAM;ECMU4767003;;;;;;X
220974;CNSHA;DEHAM;TCKU6230085;;;;;;X
220976;CNSHA;DEHAM;CSNU8423170;;;;;;X
221072;CNSHA;DEHAM;BEAU4030989;;;;;;X
221074;CNSHA;DEHAM;UETU7130219;;;;;;X
221076;CNSHA;DEHAM;CSNU6136490;;;;;;X
221084;CNSHA;FRLEH;FFAU1592993;X;DEHAM;;;;
221172;CNSHA;DEHAM;ECMU4767657;;;;;;X
221174;CNSHA;DEHAM;SEKU5619901;;;;;;X
221176;CNSHA;DEHAM;CMAU9762758;;;;;;X
221272;CNSHA;DEHAM;CAIU8578830;;;;;;X
221274;CNSHA;DEHAM;UETU7129310;;;;;;X
221276;CNSHA;DEHAM;OOLU9995557;;;;;;X
221284;CNSHA;FRLEH;GAOU6668298;X;DEHAM;;;;
221372;CNSHA;DEHAM;CAAU6043689;;;;;;X
221374;CNSHA;DEHAM;ECMU4767868;;;;;;X
221376;CNSHA;DEHAM;TLLU4462071;;;;;;X
221472;CNSHA;DEHAM;APHU7388430;;;;;;X
221474;CNSHA;DEHAM;UETU7129305;;;;;;X
221476;CNSHA;DEHAM;BMOU4340269;;;;;;X
221572;CNSHA;DEHAM;ECMU4768057;;;;;;X
221574;CNSHA;DEHAM;ECMU4767913;;;;;;X
221576;CNSHA;DEHAM;TRHU6431004;;;;;;X
221672;CNSHA;DEHAM;APHU7351050;;;;;;X
221674;CNSHA;DEHAM;UETU7126820;;;;;;X
221676;CNSHA;DEHAM;APHU7309003;;;;;;X
221684;CNSHA;FRLEH;OOCU6818042;X;DEHAM;;;;
221772;CNSHA;DEHAM;ECMU4775652;;;;;;X
221774;CNSHA;DEHAM;CMAU3682547;;;;;;X
221872;CNSHA;DEHAM;UETU7130040;;;;;;X
221874;CNSHA;DEHAM;TRHU5130515;;;;;;X
221884;CNSHA;FRLEH;TCKU6191820;X;DEHAM;;;;
260272;CNSHA;SGSIN;CAAU6059303;;;;;;X
260274;CNSHA;SGSIN;CMAU9612450;;;;;;X
260276;CNSHA;SGSIN;CMAU5705066;;;;;;X
260472;CNSHA;SGSIN;CSNU6446880;;;;;;X
260474;CNSHA;SGSIN;SEGU4881110;;;;;;X
260476;CNSHA;SGSIN;TCKU6661009;;;;;;X
260482;CNSHA;DEHAM;ECMU8160213;X;SGSIN;;;;
260672;CNSHA;SGSIN;FSCU8726920;;;;;;X
260674;CNSHA;SGSIN;TRHU5748648;;;;;;X
260676;CNSHA;SGSIN;TRHU8913710;;;;;;X
260872;CNSHA;SGSIN;CSNU8461101;;;;;;X
260874;CNSHA;SGSIN;CMAU6771674;;;;;;X
260876;CNSHA;SGSIN;TCLU1778010;;;;;;X
260972;CNNGB;FRLEH;CSLU6231020;;;;;;X
260974;CNNGB;FRLEH;TCNU8963466;;;;;;X
260976;CNNGB;FRLEH;BEAU4074971;;;;;;X
261172;CNNGB;FRLEH;TGBU7880053;;;;;;X
261174;CNNGB;FRLEH;SEGU4107697;;;;;;X
261176;CNNGB;FRLEH;EISU8510124;;;;;;X
261372;CNNGB;FRLEH;TCLU4326950;;;;;;X
261374;CNNGB;FRLEH;BSIU9486159;;;;;;X
261376;CNNGB;FRLEH;CAIU9357623;;;;;;X
261572;CNNGB;FRLEH;DFSU6900549;;;;;;X
261574;CNNGB;FRLEH;TEMU6010681;;;;;;X
261576;CNNGB;FRLEH;EGSU9323783;;;;;;X
261772;CNNGB;FRLEH;CCLU7719148;;;;;;X
261774;CNNGB;FRLEH;FSCU5928228;;;;;;X
260620;CNSHA;DEHAM;ECMU6618077;X;SGSIN;X;SGSIN;74;
271072;CNNGB;NLRTM;EXFU0526989;;;;;;X
271074;CNNGB;NLRTM;TCLU9049099;;;;;;X
271076;CNNGB;SGSIN;CMAU0034670;;;;;;X
271272;CNNGB;NLRTM;BGBU5097993;;;;;;X
271274;CNNGB;NLRTM;EURU1948680;;;;;;X
271276;CNNGB;NLRTM;KBRU2451050;;;;;;X
271472;CNNGB;FRLEH;FCIU4820414;;;;;;X
271474;CNNGB;FRLEH;EISU2162660;;;;;;X
271476;CNNGB;FRLEH;EMCU6391770;;;;;;X
271672;CNNGB;FRLEH;UETU2174451;;;;;;X
271674;CNNGB;FRLEH;TCKU3159018;;;;;;X
271676;CNNGB;FRLEH;EGHU3284006;;;;;;X
271872;CNNGB;FRLEH;OOLU1655381;;;;;;X
271874;CNNGB;FRLEH;TEMU5779537;;;;;;X
300272;CNSHA;NLRTM;MAGU5233294;;;;;;X
300274;CNSHA;NLRTM;BEAU5616017;;;;;;X
300276;CNSHA;NLRTM;TRHU4303452;;;;;;X
300872;CNSHA;NLRTM;UETU6855089;;;;;;X
300874;CNSHA;NLRTM;CSNU7411600;;;;;;X
300876;CNSHA;NLRTM;TCLU8689276;;;;;;X
300972;CNSHA;FRLEH;CSNU6981280;;;;;;X
300974;CNSHA;FRLEH;FFAU2713718;;;;;;X
300976;CNSHA;FRLEH;TLLU8847929;;;;;;X
301072;CNSHA;FRLEH;TGHU6731822;;;;;;X
301074;CNSHA;FRLEH;CSNU8283972;;;;;;X
301076;CNSHA;FRLEH;EITU9424019;;;;;;X
301172;CNSHA;FRLEH;FFAU1782822;;;;;;X
301174;CNSHA;FRLEH;CMAU8444813;;;;;;X
301176;CNSHA;FRLEH;OOCU8327475;;;;;;X
301272;CNSHA;FRLEH;CSNU6689540;;;;;;X
301274;CNSHA;FRLEH;TGCU5156398;;;;;;X
301276;CNSHA;FRLEH;TGBU6633320;;;;;;X
301372;CNSHA;FRLEH;CMAU9673460;;;;;;X
301374;CNSHA;FRLEH;TEMU6077279;;;;;;X
301376;CNSHA;FRLEH;FCIU8130736;;;;;;X
301472;CNSHA;FRLEH;CMAU5345231;;;;;;X
301474;CNSHA;FRLEH;TCNU5914600;;;;;;X
301476;CNSHA;FRLEH;TGBU6310987;;;;;;X
301572;CNSHA;FRLEH;GESU6091830;;;;;;X
301574;CNSHA;FRLEH;TGBU6302683;;;;;;X
301576;CNSHA;FRLEH;TXGU5750644;;;;;;X
301672;CNSHA;FRLEH;BEAU4003263;;;;;;X
301674;CNSHA;FRLEH;EMCU9970646;;;;;;X
301676;CNSHA;FRLEH;CAIU9783383;;;;;;X
301772;CNSHA;FRLEH;OOCU7013232;;;;;;X
301774;CNSHA;FRLEH;EGHU8215245;;;;;;X
301872;CNSHA;FRLEH;TRHU5749520;;;;;;X
301874;CNSHA;FRLEH;FSCU8646526;;;;;;X
310072;CNNGB;MAPTM;CMAU2114542;;;;;;X
310074;CNNGB;MAPTM;TRHU2393014;;;;;;X
310076;CNNGB;MAPTM;TEMU0900775;;;;;;X
310172;CNNGB;MAPTM;MAGU2310669;X;PLGDN;;;;X
310174;CNNGB;MAPTM;CMAU0023145;X;PLGDN;;;;X
310372;CNNGB;MAPTM;CMAU2142101;X;PLGDN;;;;X
310374;CNNGB;MAPTM;TRHU2932522;X;PLGDN;;;;X
310376;CNNGB;MAPTM;TEMU0013908;X;PLGDN;;;;X
310472;CNSHA;NLRTM;SWTU2251969;;;;;;X
310474;CNSHA;NLRTM;UTCU4850348;;;;;;X
310476;CNSHA;NLRTM;UETU2629545;;;;;;X
310672;CNSHA;NLRTM;UTCU4715733;;;;;;X
310674;CNSHA;NLRTM;UTCU4595999;;;;;;X
310676;CNSHA;NLRTM;CMAU0395970;;;;;;X
340076;CNNGB;MAPTM;TXGU7510030;;;;;;X
340080;CNNGB;NLRTM;FFAU2966275;X;MAPTM;;;;
340082;CNNGB;NLRTM;APHU7264948;X;MAPTM;;;;
340174;CNNGB;MAPTM;CMAU4399296;;;;;;X
340176;CNNGB;MAPTM;FDCU0013142;;;;;;X
340180;CNNGB;NLRTM;SEKU5678463;X;MAPTM;;;;
340182;CNNGB;NLRTM;SEKU6354453;X;MAPTM;;;;
340272;CNNGB;MAPTM;CAAU7096662;;;;;;X
340274;CNNGB;MAPTM;CMAU4368675;;;;;;X
340276;CNNGB;MAPTM;TCNU3033512;;;;;;X
340282;CNNGB;NLRTM;SEKU5920448;X;MAPTM;;;;
340374;CNNGB;MAPTM;CMAU9682924;;;;;;X
340376;CNNGB;MAPTM;CMAU8775468;;;;;;X
340380;CNNGB;NLRTM;SEGU5722258;X;MAPTM;;;;
340382;CNNGB;NLRTM;TCNU7216492;X;MAPTM;;;;
340472;CNNGB;NLRTM;OPDU4109850;X;MAPTM;;;;X
340474;CNNGB;NLRTM;SEGU7909633;X;MAPTM;;;;X
340476;CNNGB;NLRTM;GESU4934670;X;MAPTM;;;;X
340478;CNNGB;NLRTM;OPDU4311666;X;MAPTM;;;;
340480;CNNGB;NLRTM;GCXU5451740;X;MAPTM;;;;
340482;CNNGB;NLRTM;CMAU8563026;X;MAPTM;;;;
340574;CNNGB;MAPTM;APHU6518544;;;;;;X
340576;CNNGB;MAPTM;APHU7272964;;;;;;X
340580;CNNGB;NLRTM;TEMU7613294;X;MAPTM;;;;
340582;CNNGB;NLRTM;CAIU9486317;X;MAPTM;;;;
340672;CNNGB;NLRTM;CSLU6037930;X;MAPTM;;;;X
340674;CNNGB;NLRTM;TIIU4937853;X;MAPTM;;;;X
340676;CNNGB;NLRTM;CMAU4677118;X;MAPTM;;;;X
340678;CNNGB;NLRTM;BEAU4143080;X;MAPTM;;;;
340680;CNNGB;NLRTM;TLLU7846050;X;MAPTM;;;;
340682;CNNGB;NLRTM;CMAU7903733;X;MAPTM;;;;
340774;CNNGB;MAPTM;CMAU6405844;;;;;;X
340776;CNNGB;MAPTM;CMAU3435660;;;;;;X
340780;CNNGB;NLRTM;TCLU8618539;X;MAPTM;;;;
340782;CNNGB;NLRTM;ECMU4724613;X;MAPTM;;;;
340872;CNNGB;NLRTM;SEGU7916376;X;MAPTM;;;;X
340874;CNNGB;NLRTM;CMAU4598575;X;MAPTM;;;;X
340876;CNNGB;NLRTM;OPDU4105710;X;MAPTM;;;;X
340878;CNNGB;NLRTM;SEGU5728889;X;MAPTM;;;;
340880;CNNGB;NLRTM;SEKU5873686;X;MAPTM;;;;
340882;CNNGB;NLRTM;TCLU4901181;X;MAPTM;;;;
340976;CNSHA;DEHAM;TCNU1196362;;;;;;X
341072;CNSHA;DEHAM;EGHU8310540;;;;;;X
341074;CNSHA;DEHAM;TRHU8096950;;;;;;X
341076;CNSHA;DEHAM;MAGU5465730;;;;;;X
341272;CNSHA;DEHAM;FCIU9473133;;;;;;X
341274;CNSHA;DEHAM;SEGU4144622;;;;;;X
341276;CNSHA;DEHAM;TCNU3937356;;;;;;X
380272;CNSHA;MAPTM;CMAU7266949;;;;;;X
380274;CNNGB;MAPTM;TLLU8007667;;;;;;X
380276;CNNGB;MAPTM;TCNU8081730;;;;;;X
380472;CNSHA;MAPTM;TLLU7756531;;;;;;X
380474;CNNGB;MAPTM;APHU7180148;;;;;;X
380476;CNSHA;MAPTM;SEGU4905510;;;;;;X
380672;CNNGB;MAPTM;TLLU4520624;;;;;;X
380674;CNSHA;MAPTM;CMAU9676834;;;;;;X
380676;CNSHA;MAPTM;CMAU9824850;;;;;;X
380872;CNSHA;MAPTM;CMAU9115366;;;;;;X
380874;CNNGB;MAPTM;TCNU6079815;;;;;;X
380876;CNNGB;MAPTM;BEAU5646095;;;;;;X
381072;CNNGB;FRLEH;TLLU4638725;;;;;;X
381074;CNNGB;FRLEH;EGHU9130672;;;;;;X
381076;CNNGB;FRLEH;FCIU9263559;;;;;;X
381272;CNNGB;FRLEH;CAAU5994364;;;;;;X
381274;CNNGB;FRLEH;EGSU9408387;;;;;;X
381276;CNNGB;FRLEH;CSNU8051787;;;;;;X
381376;CNNGB;FRLEH;SEGU5730187;;;;;;X
381472;CNNGB;FRLEH;CSFU9680729;;;;;;X
381474;CNNGB;FRLEH;OPDU4104735;;;;;;X
381476;CNNGB;FRLEH;EGSU9185920;;;;;;X
381576;CNNGB;FRLEH;GAOU6402970;;;;;;X
381672;CNNGB;FRLEH;TCNU7305218;;;;;;X
381674;CNNGB;FRLEH;TLLU5370262;;;;;;X
381676;CNNGB;FRLEH;CMAU7666040;;;;;;X
381872;CNNGB;FRLEH;SEGU5730269;;;;;;X
381874;CNNGB;FRLEH;CRXU0916650;;;;;;X
420072;CNSHA;NLRTM;GLDU9942421;;;;;;X
420074;CNSHA;NLRTM;CMAU4832554;;;;;;X
420076;CNSHA;NLRTM;CSNU7251306;;;;;;X
420172;CNSHA;NLRTM;SEKU5817804;;;;;;X
420174;CNSHA;NLRTM;TGBU4062011;;;;;;X
420176;CNSHA;NLRTM;FCIU9533952;;;;;;X
420272;CNSHA;PLGDN;TGHU6333201;;;;;;X
420274;CNSHA;PLGDN;CMAU4585618;;;;;;X
420276;CNSHA;PLGDN;CMAU9717358;;;;;;X
420372;CNSHA;NLRTM;CMAU3411735;;;;;;X
420374;CNSHA;NLRTM;OOCU9002242;;;;;;X
420376;CNSHA;NLRTM;SEKU5742325;;;;;;X
420472;CNSHA;PLGDN;BEAU4117646;;;;;;X
420474;CNSHA;PLGDN;GCXU6106923;;;;;;X
420476;CNSHA;PLGDN;CMAU6560394;;;;;;X
420574;CNSHA;NLRTM;UETU7128839;;;;;;X
420576;CNSHA;NLRTM;CSNU7658143;;;;;;X
420672;CNSHA;PLGDN;TGHU6398666;;;;;;X
420674;CNSHA;PLGDN;FFAU1604590;;;;;;X
420676;CNSHA;PLGDN;CMAU7220357;;;;;;X
420772;CNSHA;NLRTM;TGBU4709319;;;;;;X
420774;CNSHA;NLRTM;TGBU9195104;;;;;;X
420776;CNSHA;NLRTM;FFAU2162636;;;;;;X
420872;CNSHA;PLGDN;TCNU3416050;;;;;;X
420874;CNSHA;PLGDN;CMAU4222171;;;;;;X
420876;CNSHA;PLGDN;BEAU6135850;;;;;;X
461072;CNNGB;DEHAM;TGHU9019370;;;;;;X
461074;CNNGB;DEHAM;CMAU6170863;;;;;;X
461076;CNNGB;DEHAM;TGBU6838573;;;;;;X
461272;CNNGB;DEHAM;CMAU8768920;;;;;;X
461274;CNNGB;DEHAM;TCNU5574368;;;;;;X
461276;CNNGB;DEHAM;SEKU4530511;;;;;;X
461472;CNNGB;DEHAM;TCKU6291202;;;;;;X
461474;CNNGB;DEHAM;CMAU7016805;;;;;;X
461476;CNNGB;DEHAM;BMOU5293710;;;;;;X
461576;CNNGB;DEHAM;BEAU4077353;;;;;;X
461672;CNNGB;DEHAM;EGSU9712532;;;;;;X
461674;CNNGB;DEHAM;FSCU8469143;;;;;;X
461676;CNNGB;DEHAM;CMAU8467819;;;;;;X
461774;CNNGB;DEHAM;CMAU7976067;;;;;;X
461872;CNNGB;DEHAM;SEKU5673820;;;;;;X
461874;CNNGB;DEHAM;OPDU4108113;;;;;;X
470972;CNNGB;DEHAM;FCIU4385430;;;;;;X
470974;CNNGB;DEHAM;TEMU2927733;;;;;;X
470976;CNNGB;DEHAM;FCIU5764594;;;;;;X
471172;CNNGB;DEHAM;CMAU0639064;;;;;;X
471174;CNNGB;DEHAM;CMAU2314427;;;;;;X
471176;CNNGB;DEHAM;APZU3220306;;;;;;X
471372;CNNGB;DEHAM;CSNU1293984;;;;;;X
471374;CNNGB;DEHAM;FYCU7097070;;;;;;X
471376;CNNGB;DEHAM;UNDU1080816;;;;;;X
500072;CNSHA;SGSIN;APZU4588442;;;;;;X
500074;CNSHA;SGSIN;APZU4449787;;;;;;X
500076;CNSHA;SGSIN;CMAU5988536;;;;;;X
500272;CNNGB;SGSIN;CCLU7834917;;;;;;X
500274;CNNGB;SGSIN;GESU6681360;;;;;;X
500276;CNNGB;SGSIN;CMAU3517007;;;;;;X
500280;CNNGB;MAPTM;ECMU8122580;X;SGSIN;;;;
500472;CNNGB;SGSIN;CMAU4993348;;;;;;X
500474;CNNGB;SGSIN;TCNU6817708;;;;;;X
500476;CNNGB;SGSIN;TCNU4994324;;;;;;X
500480;CNNGB;MAPTM;ECMU8109470;X;SGSIN;;;;
500572;CNNGB;MAPTM;SEKU9049664;X;SGSIN;;;;
500672;CNNGB;SGSIN;CAIU7627925;;;;;;X
500674;CNNGB;SGSIN;DFSU6371276;;;;;;X
500676;CNNGB;SGSIN;FFAU3333081;;;;;;X
500680;CNNGB;MAPTM;CXDU2206780;X;SGSIN;;;;
500772;CNSHA;FRLEH;CMAU6564635;X;SGSIN;;;;X
500774;CNSHA;FRLEH;EMCU8483453;X;SGSIN;;;;X
500776;CNSHA;FRLEH;EMCU9954429;X;SGSIN;;;;X
500778;CNSHA;FRLEH;OOCU9048393;X;SGSIN;;;;
500780;CNSHA;FRLEH;TLLU4542789;X;SGSIN;;;;
500782;CNSHA;FRLEH;TRHU6444402;X;SGSIN;;;;
500784;CNSHA;FRLEH;BMOU5010744;X;SGSIN;;;;
500872;CNNGB;SGSIN;SEGU6835095;;;;;;X
500874;CNNGB;SGSIN;CMAU3552899;;;;;;X
500876;CNNGB;SGSIN;TCLU6440047;;;;;;X
500880;CNNGB;MAPTM;ECMU8002115;X;SGSIN;;;;
501072;CNSHA;FRLEH;TCLU6572260;;;;;;X
501074;CNSHA;FRLEH;GAOU6299728;;;;;;X
501076;CNSHA;FRLEH;EITU1742230;;;;;;X
501172;CNSHA;FRLEH;OOLU9277626;;;;;;X
501272;CNSHA;FRLEH;CMAU7166050;;;;;;X
501274;CNSHA;FRLEH;CMAU8471526;;;;;;X
501276;CNSHA;FRLEH;EITU1150056;;;;;;X
501472;CNSHA;FRLEH;OOCU7965979;;;;;;X
501474;CNSHA;FRLEH;EGHU9629126;;;;;;X
501476;CNSHA;FRLEH;TGBU5125808;;;;;;X
501672;CNSHA;FRLEH;EITU1908212;;;;;;X
501674;CNSHA;FRLEH;TGBU4682590;;;;;;X
501676;CNSHA;FRLEH;TGBU7969731;;;;;;X
501872;CNSHA;FRLEH;TCNU2145539;;;;;;X
501874;CNSHA;FRLEH;EITU9019799;;;;;;X
540272;CNSHA;NLRTM;CSLU6326039;;;;;;X
540274;CNSHA;NLRTM;TCNU6580426;;;;;;X
540276;CNSHA;NLRTM;TXGU8120084;;;;;;X
540472;CNSHA;NLRTM;TCNU2045000;;;;;;X
540474;CNSHA;NLRTM;TRHU7040513;;;;;;X
540476;CNSHA;NLRTM;CMAU4654880;;;;;;X
540672;CNSHA;NLRTM;CSNU7846412;;;;;;X
540674;CNSHA;NLRTM;TCNU1321084;;;;;;X
540676;CNSHA;NLRTM;OOCU8029629;;;;;;X
540872;CNSHA;NLRTM;OOLU9692761;;;;;;X
540874;CNSHA;NLRTM;FFAU2789035;;;;;;X
540876;CNNGB;NLRTM;TCNU4008793;;;;;;X
540976;CNSHA;MAPTM;CMAU9647116;;;;;;X
541072;CNSHA;MAPTM;TRHU8018556;;;;;;X
541074;CNNGB;MAPTM;BEAU6137066;;;;;;X
541076;CNSHA;MAPTM;TGBU5854348;;;;;;X
541172;CNNGB;MAPTM;AMCU9386880;X;ESALG;;;;
541174;CNNGB;MAPTM;CGMU6558688;X;ESALG;;;;
541176;CNSHA;MAPTM;TCNU5242234;X;ESALG;;;;X
541178;CNSHA;MAPTM;CMAU8838123;X;ESALG;;;;
541180;CNSHA;MAPTM;TXGU7315121;X;ESALG;;;;
541182;CNSHA;MAPTM;TWDU7007701;X;ESALG;;;;
541272;CNNGB;MAPTM;CMAU7560640;;;;;;X
541274;CNSHA;MAPTM;TCLU6598496;;;;;;X
541276;CNSHA;MAPTM;TLLU4159738;;;;;;X
541376;CNNGB;MAPTM;FCIU9217888;;;;;;X
541472;CNSHA;MAPTM;ECMU4763287;;;;;;X
541474;CNNGB;MAPTM;CMAU8790170;;;;;;X
541476;CNSHA;MAPTM;CAIU9218417;;;;;;X
541576;CNSHA;MAPTM;CMAU7414959;;;;;;X
541672;CNNGB;MAPTM;GCXU6069630;;;;;;X
541674;CNNGB;MAPTM;CMAU8884920;;;;;;X
541676;CNSHA;MAPTM;TRHU5199229;;;;;;X
541872;CNSHA;MAPTM;TLLU5100586;;;;;;X
541874;CNSHA;MAPTM;UETU7125974;;;;;;X
580272;CNNGB;SGSIN;TCLU1504581;;;;;;X
580274;CNNGB;SGSIN;FCIU9529551;;;;;;X
580276;CNNGB;SGSIN;OOCU6959539;;;;;;X
580472;CNNGB;SGSIN;CMAU6479488;;;;;;X
580474;CNNGB;SGSIN;CMAU5981228;;;;;;X
580476;CNNGB;SGSIN;BEAU5633781;;;;;;X
580480;CNNGB;MAPTM;ECMU8025173;X;SGSIN;;;;
580672;CNNGB;SGSIN;SEGU5108912;;;;;;X
580674;CNNGB;SGSIN;FSCU8720726;;;;;;X
580676;CNNGB;SGSIN;CMAU6974687;;;;;;X
580680;CNNGB;MAPTM;ECMU8162941;X;SGSIN;;;;
580872;CNNGB;SGSIN;CSNU7512631;;;;;;X
580874;CNNGB;SGSIN;CCLU7705843;;;;;;X
580876;CNNGB;SGSIN;OOLU8551901;;;;;;X
580972;CNSHA;DEHAM;CBHU7019735;;;;;;X
580974;CNSHA;DEHAM;TGBU4460273;;;;;;X
580976;CNSHA;DEHAM;TRHU5728889;;;;;;X
581072;CNSHA;DEHAM;CSNU8135168;;;;;;X
581074;CNSHA;DEHAM;APHU7386139;;;;;;X
581076;CNSHA;DEHAM;CMAU9469185;;;;;;X
581172;CNSHA;DEHAM;OOLU8758720;;;;;;X
581372;CNSHA;DEHAM;CSNU7130752;;;;;;X
581572;CNSHA;DEHAM;TEMU6023647;;;;;;X
581772;CNSHA;DEHAM;TCNU6549349;;;;;;X
581774;CNSHA;DEHAM;EITU1228658;;;;;;X
620072;CNSHA;DEHAM;TGBU5811080;;;;;;X
620074;CNSHA;DEHAM;SEGU4977280;;;;;;X
620076;CNSHA;DEHAM;TXGU7135855;;;;;;X
620172;CNSHA;DEHAM;APHU7300496;;;;;;X
620174;CNSHA;DEHAM;SEGU6368719;;;;;;X
620176;CNSHA;DEHAM;CMAU8743711;;;;;;X
620272;CNSHA;DEHAM;CMAU9559674;;;;;;X
620274;CNSHA;DEHAM;CMAU7538667;;;;;;X
620276;CNSHA;DEHAM;CMAU3334979;;;;;;X
620372;CNSHA;DEHAM;CMAU9349195;;;;;;X
620374;CNSHA;DEHAM;CMAU7111356;;;;;;X
620376;CNSHA;DEHAM;TGBU5990576;;;;;;X
620472;CNSHA;PLGDN;GESU6262975;;;;;;X
620474;CNSHA;PLGDN;APHU7234537;;;;;;X
620476;CNSHA;DEHAM;CMAU7518043;;;;;;X
620572;CNSHA;DEHAM;TLLU4888853;;;;;;X
620574;CNSHA;DEHAM;TCNU2393880;;;;;;X
620576;CNSHA;DEHAM;BSIU9280419;;;;;;X
620672;CNSHA;PLGDN;SEGU4322473;;;;;;X
620674;CNSHA;PLGDN;TEMU6558799;;;;;;X
620676;CNSHA;DEHAM;CAIU7190521;;;;;;X
620680;CNSHA;FRLEH;CMAU8574680;X;DEHAM;;;;
620682;CNSHA;FRLEH;EGHU9791435;X;DEHAM;;;;
620772;CNSHA;DEHAM;TCNU1714040;;;;;;X
620774;CNSHA;DEHAM;BEAU6262427;;;;;;X
620776;CNSHA;DEHAM;CMAU3655006;;;;;;X
620872;CNSHA;PLGDN;FFAU4261710;;;;;;X
620874;CNSHA;PLGDN;CMAU4472714;;;;;;X
620876;CNSHA;DEHAM;CMAU8473133;;;;;;X
620972;CNSHA;DEHAM;APHU7278242;;;;;;X
620974;CNSHA;DEHAM;SEKU5527997;;;;;;X
620976;CNSHA;DEHAM;TCNU3457697;;;;;;X
621072;CNSHA;DEHAM;FFAU5059365;;;;;;X
621074;CNSHA;DEHAM;CMAU9207903;;;;;;X
621076;CNSHA;DEHAM;CMAU3325730;;;;;;X
621172;CNSHA;DEHAM;FFAU3996320;;;;;;X
621174;CNSHA;DEHAM;TIIU4347034;;;;;;X
621176;CNSHA;DEHAM;CMAU3815763;;;;;;X
621272;CNSHA;DEHAM;CMAU8683675;;;;;;X
621274;CNSHA;DEHAM;SEKU5889050;;;;;;X
621276;CNSHA;DEHAM;CMAU3666211;;;;;;X
621372;CNSHA;DEHAM;CMAU3523930;;;;;;X
621374;CNSHA;DEHAM;TCLU4257119;;;;;;X
621376;CNSHA;DEHAM;GAOU6065144;;;;;;X
621472;CNSHA;DEHAM;SEGU4449128;;;;;;X
621474;CNSHA;DEHAM;TCNU5000945;;;;;;X
621476;CNSHA;DEHAM;ECMU9601904;;;;;;X
621572;CNSHA;DEHAM;SEKU4341185;;;;;;X
621574;CNSHA;DEHAM;SEGU6256642;;;;;;X
621576;CNSHA;DEHAM;TIIU4313543;;;;;;X
621672;CNSHA;DEHAM;CMAU3467924;;;;;;X
621674;CNSHA;DEHAM;CMAU9401858;;;;;;X
621676;CNSHA;DEHAM;TCNU2658613;;;;;;X
621772;CNSHA;DEHAM;BEAU6114986;;;;;;X
621774;CNSHA;DEHAM;DFSU7580666;;;;;;X
621782;CNSHA;FRLEH;CSNU6280315;X;DEHAM;;;;
621872;CNSHA;DEHAM;CMAU3732859;;;;;;X
621874;CNSHA;DEHAM;FFAU5220382;;;;;;X
621882;CNSHA;FRLEH;EITU1051177;X;DEHAM;;;;
621982;CNSHA;FRLEH;CMAU6624800;X;DEHAM;;;;
622082;CNSHA;FRLEH;EGHU8288730;X;DEHAM;;;;
660072;CNSHA;SGSIN;CSNU7706961;;;;;;X
660074;CNSHA;SGSIN;CCLU7752871;;;;;;X
660076;CNSHA;SGSIN;CSNU6403030;;;;;;X
660172;CNSHA;SGSIN;CMAU9758573;;;;;;X
660174;CNSHA;SGSIN;OOCU6724370;;;;;;X
660176;CNSHA;SGSIN;GCXU5154547;;;;;;X
660272;CNSHA;SGSIN;CMAU5921487;;;;;;X
660274;CNSHA;SGSIN;FSCU8911300;;;;;;X
660276;CNSHA;SGSIN;CSNU7030455;;;;;;X
660372;CNSHA;SGSIN;CMAU4860875;;;;;;X
660374;CNSHA;SGSIN;CSNU6279042;;;;;;X
660376;CNSHA;SGSIN;FFAU3546934;;;;;;X
660472;CNSHA;SGSIN;GESU6717077;;;;;;X
660474;CNSHA;SGSIN;TRHU7502329;;;;;;X
660476;CNSHA;SGSIN;TEMU8208151;;;;;;X
660572;CNSHA;SGSIN;CMAU8283241;;;;;;X
660574;CNSHA;SGSIN;FSCU8695053;;;;;;X
660576;CNSHA;SGSIN;CBHU9102833;;;;;;X
660672;CNSHA;SGSIN;BMOU6401358;;;;;;X
660674;CNSHA;SGSIN;OOLU6917191;;;;;;X
660676;CNSHA;SGSIN;FCIU9591028;;;;;;X
660772;CNSHA;SGSIN;UETU7128612;;;;;;X
660774;CNSHA;SGSIN;CSNU7084873;;;;;;X
660776;CNSHA;SGSIN;CSNU6267993;;;;;;X
660872;CNSHA;SGSIN;OOCU7125269;;;;;;X
660874;CNSHA;SGSIN;UETU5952675;;;;;;X
660876;CNSHA;SGSIN;CBHU9110192;;;;;;X
700072;CNNGB;DEHAM;TCNU5177458;;;;;;X
700074;CNNGB;DEHAM;CMAU5845556;;;;;;X
700076;CNNGB;DEHAM;APHU6651650;;;;;;X
700084;CNSHA;FRLEH;EITU9255198;X;DEHAM;;;;
700172;CNNGB;DEHAM;TGHU9156270;;;;;;X
700174;CNNGB;DEHAM;FFAU5223503;;;;;;X
700176;CNNGB;DEHAM;TGBU6211789;;;;;;X
700184;CNSHA;FRLEH;CSNU7849200;X;DEHAM;;;;
700272;CNNGB;DEHAM;SEGU4022157;;;;;;X
700274;CNNGB;DEHAM;TCNU8218519;;;;;;X
700276;CNNGB;DEHAM;CAIU7056750;;;;;;X
700284;CNSHA;FRLEH;TXGU8120016;X;DEHAM;;;;
700372;CNNGB;DEHAM;AMFU8884278;;;;;;X
700374;CNNGB;DEHAM;CMAU7987077;;;;;;X
700376;CNNGB;DEHAM;TCNU3130132;;;;;;X
700384;CNSHA;FRLEH;EGHU8211764;X;DEHAM;;;;
700472;CNNGB;DEHAM;TCNU6419772;;;;;;X
700474;CNNGB;DEHAM;BMOU4834868;;;;;;X
700476;CNNGB;DEHAM;TCNU4933611;;;;;;X
700484;CNSHA;FRLEH;CSLU6231503;X;DEHAM;;;;
700572;CNNGB;DEHAM;TCNU5540835;;;;;;X
700574;CNNGB;DEHAM;CMAU6735403;;;;;;X
700576;CNNGB;DEHAM;TCNU4774280;;;;;;X
700584;CNSHA;FRLEH;CCLU7760563;X;DEHAM;;;;
700672;CNNGB;DEHAM;TCKU6321523;;;;;;X
700674;CNNGB;DEHAM;GCXU5834143;;;;;;X
700676;CNNGB;DEHAM;TLLU4663522;;;;;;X
700684;CNSHA;FRLEH;EGSU9225982;X;DEHAM;;;;
700772;CNSHA;DEHAM;TLLU8561508;;;;;;X
700774;CNSHA;DEHAM;FWRU0139230;;;;;;X
700776;CNSHA;DEHAM;SEKU5588009;;;;;;X
700784;CNSHA;FRLEH;TGBU8568841;X;DEHAM;;;;
700872;CNNGB;DEHAM;CMAU5636983;;;;;;X
700874;CNNGB;DEHAM;TLLU4243983;;;;;;X
700876;CNNGB;DEHAM;TGBU4482523;;;;;;X
700884;CNSHA;FRLEH;EITU1807433;X;DEHAM;;;;
700972;CNSHA;DEHAM;OOCU7631400;;;;;;X
700974;CNSHA;DEHAM;TXGU8120021;;;;;;X
700976;CNSHA;DEHAM;CMAU6119706;;;;;;X
700984;CNSHA;FRLEH;TGBU8801085;X;DEHAM;;;;
701072;CNSHA;DEHAM;FCIU8755940;;;;;;X
701074;CNSHA;DEHAM;CMAU7669749;;;;;;X
701076;CNSHA;DEHAM;CSNU7636226;;;;;;X
701084;CNSHA;FRLEH;BMOU6139280;X;DEHAM;;;;
701172;CNSHA;DEHAM;CAIU9301619;;;;;;X
701174;CNSHA;DEHAM;BHCU4967707;;;;;;X
701176;CNSHA;DEHAM;TGBU9214400;;;;;;X
701184;CNSHA;FRLEH;TGBU5273560;X;DEHAM;;;;
701272;CNSHA;DEHAM;APHU6723235;;;;;;X
701274;CNSHA;DEHAM;CMAU6903702;;;;;;X
701276;CNSHA;DEHAM;CSNU6855092;;;;;;X
701284;CNSHA;FRLEH;EGHU9455528;X;DEHAM;;;;
701372;CNSHA;DEHAM;CMAU4966039;;;;;;X
701374;CNSHA;DEHAM;CSNU6109690;;;;;;X
701376;CNSHA;DEHAM;CMAU8950832;;;;;;X
701384;CNSHA;FRLEH;EGHU9684951;X;DEHAM;;;;
701472;CNSHA;DEHAM;CMAU5875695;;;;;;X
701474;CNSHA;DEHAM;CAIU4972580;;;;;;X
701476;CNSHA;DEHAM;FFAU3036210;;;;;;X
701484;CNSHA;FRLEH;OOLU9901500;X;DEHAM;;;;
701572;CNSHA;DEHAM;CMAU6776070;;;;;;X
701574;CNSHA;DEHAM;ECMU4766671;;;;;;X
701576;CNSHA;DEHAM;FCIU8608682;;;;;;X
701584;CNSHA;FRLEH;CCLU7629609;X;DEHAM;;;;
701672;CNSHA;DEHAM;ECMU4766732;;;;;;X
701674;CNSHA;DEHAM;CMAU6450885;;;;;;X
701676;CNSHA;DEHAM;TXGU5607654;;;;;;X
701684;CNSHA;FRLEH;MAGU5366867;X;DEHAM;;;;
701772;CNSHA;DEHAM;SEKU6489309;;;;;;X
701774;CNSHA;DEHAM;CMAU6173862;;;;;;X
701784;CNSHA;FRLEH;OCGU8018369;X;DEHAM;;;;
701872;CNSHA;DEHAM;OOCU6404994;;;;;;X
701874;CNSHA;DEHAM;TCNU3963709;;;;;;X
701884;CNSHA;FRLEH;CMAU9673080;X;DEHAM;;;;
701984;CNSHA;FRLEH;OOCU8717468;X;DEHAM;;;;
702084;CNSHA;FRLEH;CBHU8956334;X;DEHAM;;;;
740070;CNSHA;SGSIN;TRHU8026084;;;;;;X
740072;CNSHA;SGSIN;TRHU5616019;;;;;;X
740074;CNSHA;SGSIN;CBHU9083780;;;;;;X
740170;CNSHA;SGSIN;BEAU5809248;;;;;;X
740172;CNSHA;SGSIN;BEAU5796752;;;;;;X
740174;CNSHA;SGSIN;TCKU7779059;;;;;;X
740270;CNSHA;SGSIN;UETU7125341;;;;;;X
740272;CNSHA;SGSIN;TRHU4517644;;;;;;X
740274;CNSHA;SGSIN;UETU6857939;;;;;;X
740370;CNSHA;SGSIN;TRHU4140822;;;;;;X
740372;CNSHA;SGSIN;UETU6846301;;;;;;X
740374;CNSHA;SGSIN;TGBU8950453;;;;;;X
740470;CNSHA;SGSIN;CMAU9651435;;;;;;X
740472;CNSHA;SGSIN;DFSU7578695;;;;;;X
740474;CNSHA;SGSIN;OOCU7463395;;;;;;X
740570;CNSHA;SGSIN;FSCU8452916;;;;;;X
740572;CNSHA;SGSIN;GAOU6786095;;;;;;X
740574;CNSHA;SGSIN;TRHU4465643;;;;;;X
740670;CNSHA;SGSIN;APZU4345674;;;;;;X
740672;CNSHA;SGSIN;BSIU9159140;;;;;;X
740674;CNSHA;SGSIN;UETU7125866;;;;;;X
740770;CNSHA;SGSIN;CMAU9749870;;;;;;X
740772;CNSHA;SGSIN;TCLU6291112;;;;;;X
740774;CNSHA;SGSIN;CMAU3634174;;;;;;X
740782;CNSHA;PLGDN;CMAU9762423;X;SGSIN;X;DEHAM;6;
740870;CNSHA;SGSIN;APZU4839126;;;;;;X
740872;CNSHA;SGSIN;TCLU4194751;;;;;;X
740874;CNSHA;SGSIN;CMAU9679324;;;;;;X
740882;CNNGB;NLRTM;TCLU8358956;X;SGSIN;;;;
740970;CNSHA;SGSIN;FFAU3284618;;;;;;X
740972;CNSHA;SGSIN;CMAU9744121;;;;;;X
740974;CNSHA;SGSIN;UETU6851946;;;;;;X
741070;CNSHA;SGSIN;TCKU4608670;;;;;;X
741072;CNSHA;SGSIN;TCNU7070279;;;;;;X
741074;CNSHA;SGSIN;TRHU7079407;;;;;;X
741082;CNSHA;NLRTM;CMAU8580682;X;SGSIN;;;;
741174;CNSHA;SGSIN;SEGU4116765;;;;;;X
741270;CNSHA;SGSIN;TCLU4083547;;;;;;X
741272;CNSHA;SGSIN;TXGU8119709;;;;;;X
741274;CNSHA;SGSIN;ECMU4354951;;;;;;X
741374;CNSHA;SGSIN;MAGU5244302;;;;;;X
741470;CNSHA;SGSIN;TRHU4693509;;;;;;X
741472;CNSHA;SGSIN;CMAU9681492;;;;;;X
741474;CNSHA;SGSIN;DFSU7293727;;;;;;X
741574;CNSHA;SGSIN;TRLU9461989;;;;;;X
741670;CNSHA;SGSIN;CMAU6872047;;;;;;X
741672;CNSHA;SGSIN;TLLU8789289;;;;;;X
741674;CNSHA;SGSIN;TCLU1887536;;;;;;X
741680;CNSHA;PLGDN;CMAU9764160;X;SGSIN;X;SGSIN;8;
741782;CNSHA;PLGDN;CMAU9760457;X;SGSIN;X;DEHAM;6;
741870;CNSHA;SGSIN;CMAU9003290;;;;;;X
741872;CNSHA;SGSIN;CMAU7483184;;;;;;X
780272;CNSHA;FRLEH;CMAU7696620;;;;;;X
780274;CNSHA;FRLEH;TCNU2087704;;;;;;X
780276;CNSHA;FRLEH;FFAU2293678;;;;;;X
780472;CNSHA;FRLEH;GCXU5647380;;;;;;X
780474;CNSHA;FRLEH;FFAU3245864;;;;;;X
780476;CNSHA;FRLEH;CAAU5498554;;;;;;X
780672;CNSHA;FRLEH;BMOU6985689;;;;;;X
780674;CNSHA;FRLEH;EITU1559105;;;;;;X
780676;CNSHA;FRLEH;SEGU6367728;;;;;;X
780872;CNSHA;FRLEH;OOCU7574104;X;DEHAM;;;;X
780874;CNSHA;FRLEH;BMOU5361559;X;DEHAM;;;;X
780876;CNSHA;FRLEH;TGHU9732205;X;DEHAM;;;;X
780878;CNSHA;FRLEH;TEMU6228499;X;DEHAM;;;;
780880;CNSHA;FRLEH;OOCU8361443;X;DEHAM;;;;
780882;CNSHA;FRLEH;TGBU5210767;X;DEHAM;;;;
780884;CNSHA;FRLEH;CSLU6190220;X;DEHAM;;;;
780972;CNNGB;FRLEH;FFAU2296511;;;;;;X
780974;CNNGB;FRLEH;TCKU6331584;;;;;;X
780976;CNNGB;FRLEH;GCXU5377540;;;;;;X
781072;CNNGB;FRLEH;CSNU8653212;;;;;;X
781074;CNNGB;FRLEH;TRHU4926637;;;;;;X
781076;CNNGB;FRLEH;EITU1298357;;;;;;X
781172;CNNGB;FRLEH;FFAU3489454;;;;;;X
781174;CNNGB;FRLEH;TRHU6064634;;;;;;X
781176;CNNGB;FRLEH;CSNU6710571;;;;;;X
781272;CNNGB;FRLEH;DFSU7053372;;;;;;X
781274;CNNGB;FRLEH;CBHU8916080;;;;;;X
781276;CNNGB;FRLEH;TIIU4953113;;;;;;X
781372;CNNGB;FRLEH;CBHU9518097;;;;;;X
781374;CNNGB;FRLEH;TCLU9821453;;;;;;X
781376;CNNGB;FRLEH;TCNU4507977;;;;;;X
781472;CNNGB;FRLEH;TGCU5163680;;;;;;X
781474;CNNGB;FRLEH;TRHU5883801;;;;;;X
781476;CNNGB;FRLEH;OOCU7139405;;;;;;X
781572;CNNGB;FRLEH;CBHU9197551;;;;;;X
781574;CNNGB;FRLEH;CSNU7979204;;;;;;X
781576;CNNGB;FRLEH;CMAU9201910;;;;;;X
781672;CNNGB;FRLEH;TIIU5713755;;;;;;X
781674;CNNGB;FRLEH;TEMU7987355;;;;;;X
781676;CNNGB;FRLEH;OOCU8231809;;;;;;X
781772;CNNGB;FRLEH;CBHU9196811;;;;;;X
781774;CNNGB;FRLEH;CSNU6874620;;;;;;X
781872;CNNGB;FRLEH;TGBU8755293;;;;;;X
781874;CNNGB;FRLEH;EITU1262740;;;;;;X
820272;CNSHA;SGSIN;APHU7207613;;;;;;X
820274;CNSHA;SGSIN;CMAU4840668;;;;;;X
820276;CNSHA;SGSIN;CMAU9746037;;;;;;X
820472;CNSHA;SGSIN;CMAU6730084;;;;;;X
820474;CNSHA;SGSIN;TCNU6409141;;;;;;X
820476;CNSHA;SGSIN;APZU4583374;;;;;;X
820672;CNSHA;PLGDN;BMOU5351329;;;X;SGSIN;16;X
820674;CNSHA;PLGDN;CMAU9762260;;;X;SGSIN;14;X
820676;CNSHA;SGSIN;TCLU4361463;;;;;;X
820872;CNSHA;PLGDN;CMAU9651374;;;X;SGSIN;16;X
820874;CNSHA;NLRTM;OOCU9083590;X;PLGDN;X;SGSIN;14;X
820876;CNSHA;NLRTM;FFAU3145675;X;PLGDN;X;SGSIN;12;X
820972;CNSHA;MAPTM;CMAU6603330;;;;;;X
820974;CNNGB;MAPTM;TCNU7573139;;;;;;X
820976;CNSHA;MAPTM;TCLU1723722;;;;;;X
821072;CNNGB;MAPTM;TCNU6394530;;;;;;X
821074;CNNGB;MAPTM;TCKU6388609;;;;;;X
821076;CNNGB;MAPTM;SEGU4127380;;;;;;X
821082;CNNGB;NLRTM;CAAU6066690;X;MAPTM;;;;
821172;CNSHA;MAPTM;CAAU6036437;;;;;;X
821174;CNSHA;MAPTM;ECMU4766310;;;;;;X
821176;CNSHA;MAPTM;ECMU4781362;;;;;;X
821272;CNNGB;MAPTM;CMAU4175980;;;;;;X
821274;CNNGB;MAPTM;TXGU7503221;;;;;;X
821276;CNNGB;MAPTM;CMAU3906077;;;;;;X
821282;CNNGB;NLRTM;CMAU5564420;X;MAPTM;;;;
821372;CNNGB;MAPTM;APHU7344600;;;;;;X
821374;CNSHA;MAPTM;BEAU5950472;;;;;;X
821376;CNSHA;MAPTM;SEKU5935962;;;;;;X
821472;CNNGB;MAPTM;CAIU8829900;;;;;;X
821474;CNNGB;MAPTM;CMAU6201645;;;;;;X
821476;CNNGB;MAPTM;TCNU2170866;;;;;;X
821482;CNNGB;NLRTM;TCNU6505612;X;MAPTM;;;;
821572;CNSHA;MAPTM;BEAU4673943;;;;;;X
821574;CNSHA;MAPTM;CMAU6387859;;;;;;X
821576;CNNGB;MAPTM;TCNU4054680;;;;;;X
821672;CNNGB;MAPTM;TGHU9491073;;;;;;X
821674;CNNGB;MAPTM;TCNU5117968;;;;;;X
821676;CNNGB;MAPTM;SEGU6283838;;;;;;X
821682;CNNGB;NLRTM;TCLU8754514;X;MAPTM;;;;
821774;CNSHA;MAPTM;CMAU5957643;;;;;;X
821872;CNNGB;MAPTM;SEGU6062420;;;;;;X
821874;CNNGB;MAPTM;FSCU8072095;;;;;;X
821882;CNNGB;NLRTM;TCLU9594555;X;MAPTM;;;;
822076;CNNGB;NLRTM;CMAU7606118;X;MAPTM;;;;
822078;CNNGB;NLRTM;TLLU4259531;X;MAPTM;;;;
822080;CNNGB;NLRTM;TCNU4518457;X;MAPTM;;;;
822082;CNNGB;NLRTM;BEAU5610019;X;MAPTM;;;;
820420;CNSHA;DEHAM;SEGU7700807;;;X;SGSIN;74;
860072;CNSHA;FRLEH;TLLU8208208;;;;;;X
860074;CNSHA;FRLEH;CMAU9827490;;;;;;X
860172;CNSHA;FRLEH;TLLU7554103;;;;;;X
860174;CNSHA;FRLEH;SEGU4183906;;;;;;X
860176;CNSHA;FRLEH;OOLU8984476;;;;;;X
860372;CNSHA;FRLEH;TCLU4166699;;;;;;X
860374;CNSHA;FRLEH;CMAU4876167;;;;;;X
860376;CNSHA;FRLEH;APZU4815356;;;;;;X
860572;CNSHA;FRLEH;GAOU6928435;;;;;;X
860574;CNSHA;FRLEH;CMAU7417731;;;;;;X
860576;CNSHA;FRLEH;CAIU9574260;;;;;;X
860772;CNSHA;FRLEH;EGSU9371333;;;;;;X
860774;CNSHA;FRLEH;OOLU9443199;;;;;;X
860776;CNSHA;FRLEH;EMCU8298434;;;;;;X
860972;CNSHA;FRLEH;UETU5113531;;;;;;X
860974;CNSHA;FRLEH;TXGU5642634;;;;;;X
860976;CNSHA;FRLEH;EMCU8423264;;;;;;X
861072;CNSHA;FRLEH;EISU9453970;;;;;;X
861074;CNSHA;FRLEH;CAIU7041030;;;;;;X
861076;CNSHA;FRLEH;FSCU8725693;;;;;;X
861172;CNSHA;FRLEH;TLLU4168067;;;;;;X
861174;CNSHA;FRLEH;CSLU6012172;;;;;;X
861176;CNSHA;FRLEH;TCNU5422370;;;;;;X
861272;CNSHA;FRLEH;TEMU6194845;;;;;;X
861274;CNSHA;FRLEH;CMAU6177596;;;;;;X
861276;CNSHA;FRLEH;TXGU8116931;;;;;;X
861372;CNSHA;FRLEH;FCIU9667020;;;;;;X
861374;CNSHA;FRLEH;EISU8253200;;;;;;X
861376;CNSHA;FRLEH;GESU6721668;;;;;;X
861472;CNSHA;FRLEH;OOCU8547084;;;;;;X
861474;CNSHA;FRLEH;OOLU9169051;;;;;;X
861476;CNSHA;FRLEH;TEMU6138121;;;;;;X
861572;CNSHA;FRLEH;CAAU5880926;;;;;;X
861576;CNSHA;FRLEH;EMCU9913266;;;;;;X
861672;CNSHA;FRLEH;TRHU6064790;;;;;;X
861674;CNSHA;FRLEH;CMAU9826960;;;;;;X
861676;CNSHA;FRLEH;TRHU4728647;;;;;;X
861772;CNSHA;FRLEH;TGBU5022219;;;;;;X
861872;CNSHA;FRLEH;EMCU8779893;;;;;;X
861874;CNSHA;FRLEH;TCLU8890697;;;;;;X
900072;CNNGB;SGSIN;FFAU3338484;;;;;;X
900074;CNNGB;SGSIN;TRHU4692462;;;;;;X
900080;CNNGB;FRLEH;EGHU8008042;X;SGSIN;X;MAPTM;8;
900082;CNNGB;MAPTM;ECMU8127787;X;SGSIN;;;;
900172;CNNGB;SGSIN;BEAU5802454;;;;;;X
900174;CNNGB;SGSIN;FFAU2449101;;;;;;X
900176;CNNGB;SGSIN;OOCU7639463;;;;;;X
900272;CNNGB;PLGDN;CMAU6347780;;;;;;X
900274;CNNGB;PLGDN;TCKU6653913;;;;;;X
900276;CNNGB;PLGDN;CMAU9238801;;;;;;X
900280;CNNGB;FRLEH;EMCU8050582;X;PLGDN;X;MAPTM;8;
900282;CNNGB;MAPTM;ECMU8046704;X;PLGDN;;;;
900372;CNNGB;SGSIN;OOCU8158462;;;;;;X
900374;CNNGB;SGSIN;OOCU8534847;;;;;;X
900376;CNNGB;SGSIN;OOCU7819341;;;;;;X
900472;CNNGB;PLGDN;TCNU3613779;;;;;;X
900474;CNNGB;PLGDN;TCNU4204456;;;;;;X
900476;CNNGB;PLGDN;CMAU3347770;;;;;;X
900482;CNNGB;MAPTM;ECMU8163594;X;PLGDN;;;;
900572;CNNGB;SGSIN;TCNU4338877;;;;;;X
900574;CNNGB;SGSIN;TIIU4938103;;;;;;X
900576;CNNGB;SGSIN;CSLU6193506;;;;;;X
900672;CNNGB;PLGDN;TGHU6755320;;;;;;X
900674;CNNGB;PLGDN;CMAU6844913;;;;;;X
900676;CNNGB;PLGDN;GCXU6024960;;;;;;X
900772;CNNGB;SGSIN;OOLU9581829;;;;;;X
900774;CNNGB;SGSIN;TLLU7838624;;;;;;X
900776;CNNGB;SGSIN;CMAU4915670;;;;;;X
900872;CNNGB;PLGDN;SEGU5735656;;;;;;X
900874;CNNGB;PLGDN;SEKU5520797;;;;;;X
900876;CNNGB;PLGDN;CMAU5495632;;;;;;X
900972;CNSHA;MAPTM;ECMU4780535;;;;;;X
900974;CNSHA;MAPTM;TCNU4540722;;;;;;X
900976;CNSHA;MAPTM;TCLU6533160;;;;;;X
901172;CNNGB;MAPTM;BEAU4850191;X;DEHAM;;;;X
901174;CNSHA;MAPTM;TGBU5286274;X;DEHAM;;;;X
901176;CNSHA;MAPTM;CAIU9274405;X;DEHAM;;;;X
901178;CNSHA;MAPTM;GESU6346680;X;DEHAM;;;;
901180;CNSHA;MAPTM;CMAU3660018;X;DEHAM;;;;
901372;CNSHA;MAPTM;TCNU3384754;;;;;;X
901374;CNSHA;MAPTM;CMAU5786793;;;;;;X
901376;CNSHA;MAPTM;TEMU6565123;;;;;;X
901572;CNNGB;MAPTM;CMAU6640740;X;DEHAM;;;;X
901574;CNSHA;MAPTM;BEAU5208150;X;DEHAM;;;;X
901576;CNSHA;MAPTM;TWDU7003368;X;DEHAM;;;;X
901578;CNSHA;MAPTM;CMAU5598311;X;DEHAM;;;;
901580;CNSHA;MAPTM;TWDU7001806;X;DEHAM;;;;
901772;CNSHA;MAPTM;TCLU6533535;;;;;;X
901774;CNSHA;MAPTM;TCNU6341798;;;;;;X
901218;CNSHA;DEHAM;CAXU5722078;;;X;SGSIN;110;
901220;CNSHA;DEHAM;TTNU0705344;;;X;SGSIN;108;
901620;CNSHA;DEHAM;TCLU6044869;;;X;SGSIN;108;
