Serial Number;Operator;POL;POD;Type;Closed Freight Container;Weight;Regulation Body;Ammendmant Version;UN;Class;SubLabel1;SubLabel2;DG-Remark (SW5 = Mecanical Ventilated Space if U/D par.A DOC);FlashPoints;Loading remarks;Limited Quantity;Marine Pollutant;PGr;Liquid;Solid;Flammable;Non-Flammable;Proper Shipping Name (Paragraph B of DOC);SegregationGroup;SetPoint;Stowage and segregation;Package Goods;Stowage Category;not permitted bay 74;Zone
CMAU8743711;CMA;CNSHA;DEHAM;4500;x;840;IMD;40;0337;1.4;;;;;;no;no;;;;;x;FIREWORKS;;;SW1;x;1;;ASIA
CMAU8574680;CMA;CNSHA;FRLEH;4500;x;11008;IMD;40;0337;1.4;;;;;;no;no;;;;;x;FIREWORKS;;;SW1;x;1;;ASIA
CMAU8846237;CMA;CNSHA;DEHAM;4500;x;5175.60;IMD;40;0337;1.4;;;;;;no;no;;;;;x;FIREWORKS;;;SW1;x;1;;ASIA
CMAU8473133;CMA;CNSHA;DEHAM;4500;x;650;IMD;40;0337;1.4;;;;;;no;no;;;;;x;FIREWORKS;;;SW1;x;1;;ASIA
TCNU3457697;CMA;CNSHA;DEHAM;4500;x;15627;IMD;40;0337;1.4;;;;;;no;no;;;;;x;FIREWORKS;;;SW1;x;1;;ASIA
TCNU2393880;CMA;CNSHA;DEHAM;4500;x;255;IMD;40;0337;1.4;;;;;;no;no;;;;;x;FIREWORKS;;;SW1;x;1;;ASIA
CMAU3325730;CMA;CNSHA;DEHAM;4500;x;6600;IMD;40;0337;1.4;;;;;;no;no;;;;;x;FIREWORKS;;;SW1;x;1;;ASIA
SEGU4977280;CMA;CNSHA;DEHAM;4500;x;1872;IMD;40;0337;1.4;;;;;;no;no;;;;;x;FIREWORKS;;;SW1;x;1;;ASIA
CMAU8683675;CMA;CNSHA;DEHAM;4500;x;17550;IMD;40;0337;1.4;;;;;;no;no;;;;;x;FIREWORKS;;;SW1;x;1;;ASIA
TLLU4888853;CMA;CNSHA;DEHAM;4500;x;2404.80;IMD;40;0337;1.4;;;;;;no;no;;;;;x;FIREWORKS;;;SW1;x;1;;ASIA
CAIU9700820;CMA;CNSHA;DEHAM;4500;x;8170.80;IMD;40;0337;1.4;;;;;;no;no;;;;;x;FIREWORKS;;;SW1;x;1;;ASIA
ECMU9601904;CMA;CNSHA;DEHAM;4500;x;3786.90;IMD;40;0337;1.4;;;;;;no;no;;;;;x;FIREWORKS;;;SW1;x;1;;ASIA
CAIU7190521;CMA;CNSHA;DEHAM;4500;x;4485;IMD;40;0337;1.4;;;;;;no;no;;;;;x;FIREWORKS;;;SW1;x;1;;ASIA
CMAU7189210;CMA;CNSHA;DEHAM;4500;x;6208;IMD;40;0337;1.4;;;;;;no;no;;;;;x;FIREWORKS;;;SW1;x;1;;ASIA
APHU7300496;CMA;CNSHA;DEHAM;4500;x;500;IMD;40;0337;1.4;;;;;;no;no;;;;;x;FIREWORKS;;;SW1;x;1;;ASIA
SEKU4341185;CMA;CNSHA;DEHAM;4500;x;488;IMD;40;0337;1.4;;;;;;no;no;;;;;x;FIREWORKS;;;SW1;x;1;;ASIA
TCNU3861456;CMA;CNSHA;DEHAM;4500;x;4891.50;IMD;40;0337;1.4;;;;;;no;no;;;;;x;FIREWORKS;;;SW1;x;1;;ASIA
SEGU6256642;CMA;CNSHA;DEHAM;4500;x;5512;IMD;40;0337;1.4;;;;;;no;no;;;;;x;FIREWORKS;;;SW1;x;1;;ASIA
SEGU4376016;CMA;CNSHA;DEHAM;4500;x;1725;IMD;40;0337;1.4;;;;;;no;no;;;;;x;FIREWORKS;;;SW1;x;1;;ASIA
CMAU3334979;CMA;CNSHA;DEHAM;4500;x;11927.50;IMD;40;0337;1.4;;;;;;no;no;;;;;x;FIREWORKS;;;SW1;x;1;;ASIA
SEGU6368719;CMA;CNSHA;DEHAM;4500;x;5260;IMD;40;0337;1.4;;;;;;no;no;;;;;x;FIREWORKS;;;SW1;x;1;;ASIA
CMAU4737808;CMA;CNSHA;DEHAM;4500;x;10490.40;IMD;40;0337;1.4;;;;;;no;no;;;;;x;FIREWORKS;;;SW1;x;1;;ASIA
CMAU7111356;CMA;CNSHA;DEHAM;4500;x;3185;IMD;40;0337;1.4;;;;;;no;no;;;;;x;FIREWORKS;;;SW1;x;1;;ASIA
FFAU5059365;CMA;CNSHA;DEHAM;4500;x;96;IMD;40;0336;1.4;;;;;;no;no;;;;;x;FIREWORKS;;;SW1;x;2;x;ASIA
SEKU5527997;CMA;CNSHA;DEHAM;4500;x;20824;IMD;40;0336;1.4;;;;;;no;no;;;;;x;FIREWORKS;;;SW1;x;2;x;ASIA
TLLU8135879;CMA;CNSHA;DEHAM;4500;x;20827.20;IMD;40;0336;1.4;;;;;;no;no;;;;;x;FIREWORKS;;;SW1;x;2;x;ASIA
TCNU3457697;CMA;CNSHA;DEHAM;4500;x;740;IMD;40;0336;1.4;;;;;;no;no;;;;;x;FIREWORKS;;;SW1;x;2;x;ASIA
TCLU4257119;CMA;CNSHA;DEHAM;4300;x;23991.50;IMD;40;0336;1.4;;;;;;no;no;;;;;x;FIREWORKS;;;SW1;x;2;x;ASIA
SEKU4309922;CMA;CNSHA;DEHAM;4500;x;12000;IMD;40;0336;1.4;;;;;;no;no;;;;;x;FIREWORKS;;;SW1;x;2;x;ASIA
APHU7278242;CMA;CNSHA;DEHAM;4500;x;20137;IMD;40;0336;1.4;;;;;;no;no;;;;;x;FIREWORKS;;;SW1;x;2;x;ASIA
TIIU4347034;CMA;CNSHA;DEHAM;4500;x;21520;IMD;40;0336;1.4;;;;;;no;no;;;;;x;FIREWORKS;;;SW1;x;2;x;ASIA
GCXU5386645;CMA;CNSHA;DEHAM;4500;x;14276.40;IMD;40;0336;1.4;;;;;;no;no;;;;;x;FIREWORKS;;;SW1;x;2;x;ASIA
CMAU8683675;CMA;CNSHA;DEHAM;4500;x;3868.90;IMD;40;0336;1.4;;;;;;no;no;;;;;x;FIREWORKS;;;SW1;x;2;x;ASIA
CMAU3666211;CMA;CNSHA;DEHAM;4500;x;12057;IMD;40;0336;1.4;;;;;;no;no;;;;;x;FIREWORKS;;;SW1;x;2;x;ASIA
CAIU9700820;CMA;CNSHA;DEHAM;4500;x;570;IMD;40;0336;1.4;;;;;;no;no;;;;;x;FIREWORKS;;;SW1;x;2;x;ASIA
CMAU3523930;CMA;CNSHA;DEHAM;4500;x;22800;IMD;40;0336;1.4;;;;;;no;no;;;;;x;FIREWORKS;;;SW1;x;2;x;ASIA
SEGU4449128;CMA;CNSHA;DEHAM;4500;x;20936;IMD;40;0336;1.4;;;;;;no;no;;;;;x;FIREWORKS;;;SW1;x;2;x;ASIA
TCNU5000945;CMA;CNSHA;DEHAM;4500;x;18455;IMD;40;0336;1.4;;;;;;no;no;;;;;x;FIREWORKS;;;SW1;x;2;x;ASIA
ECMU9601904;CMA;CNSHA;DEHAM;4500;x;7608;IMD;40;0336;1.4;;;;;;no;no;;;;;x;FIREWORKS;;;SW1;x;2;x;ASIA
SEKU4341185;CMA;CNSHA;DEHAM;4500;x;21740;IMD;40;0336;1.4;;;;;;no;no;;;;;x;FIREWORKS;;;SW1;x;2;x;ASIA
SEGU6256642;CMA;CNSHA;DEHAM;4500;x;14850;IMD;40;0336;1.4;;;;;;no;no;;;;;x;FIREWORKS;;;SW1;x;2;x;ASIA
CMAU3325730;CMA;CNSHA;DEHAM;4500;x;5698;IMD;40;0336;1.4;;;;;;no;no;;;;;x;FIREWORKS;;;SW1;x;2;x;ASIA
FFAU3996320;CMA;CNSHA;DEHAM;4500;x;20183;IMD;40;0336;1.4;;;;;;no;no;;;;;x;FIREWORKS;;;SW1;x;2;x;ASIA
SEGU4977280;CMA;CNSHA;DEHAM;4500;x;20237.50;IMD;40;0336;1.4;;;;;;no;no;;;;;x;FIREWORKS;;;SW1;x;2;x;ASIA
CMAU3373110;CMA;CNSHA;DEHAM;4500;x;10127;IMD;40;0336;1.4;;;;;;no;no;;;;;x;FIREWORKS;;;SW1;x;2;x;ASIA
CMAU6202873;CMA;CNSHA;DEHAM;4500;x;11250;IMD;40;0336;1.4;;;;;;no;no;;;;;x;FIREWORKS;;;SW1;x;2;x;ASIA
TCNU2393880;CMA;CNSHA;DEHAM;4500;x;20389;IMD;40;0336;1.4;;;;;;no;no;;;;;x;FIREWORKS;;;SW1;x;2;x;ASIA
CMAU7518043;CMA;CNSHA;DEHAM;4500;x;13872;IMD;40;0336;1.4;;;;;;no;no;;;;;x;FIREWORKS;;;SW1;x;2;x;ASIA
CAAU6168285;CMA;CNSHA;DEHAM;4500;x;10111.50;IMD;40;0336;1.4;;;;;;no;no;;;;;x;FIREWORKS;;;SW1;x;2;x;ASIA
CMAU8846237;CMA;CNSHA;DEHAM;4500;x;4950;IMD;40;0336;1.4;;;;;;no;no;;;;;x;FIREWORKS;;;SW1;x;2;x;ASIA
CMAU7111356;CMA;CNSHA;DEHAM;4500;x;18467;IMD;40;0336;1.4;;;;;;no;no;;;;;x;FIREWORKS;;;SW1;x;2;x;ASIA
CMAU9349195;CMA;CNSHA;DEHAM;4500;x;20168;IMD;40;0336;1.4;;;;;;no;no;;;;;x;FIREWORKS;;;SW1;x;2;x;ASIA
SEGU4322473;CMA;CNSHA;PLGDN;4500;x;14496;IMD;40;0336;1.4;;;;;;no;no;;;;;x;FIREWORKS;;;SW1;x;2;x;ASIA
TCNU3861456;CMA;CNSHA;DEHAM;4500;x;4710;IMD;40;0336;1.4;;;;;;no;no;;;;;x;FIREWORKS;;;SW1;x;2;x;ASIA
CMAU8473133;CMA;CNSHA;DEHAM;4500;x;17258;IMD;40;0336;1.4;;;;;;no;no;;;;;x;FIREWORKS;;;SW1;x;2;x;ASIA
CMAU3334979;CMA;CNSHA;DEHAM;4500;x;168;IMD;40;0336;1.4;;;;;;no;no;;;;;x;FIREWORKS;;;SW1;x;2;x;ASIA
CMAU7538667;CMA;CNSHA;DEHAM;4500;x;90;IMD;40;0336;1.4;;;;;;no;no;;;;;x;FIREWORKS;;;SW1;x;2;x;ASIA
SEGU6368719;CMA;CNSHA;DEHAM;4500;x;12501;IMD;40;0336;1.4;;;;;;no;no;;;;;x;FIREWORKS;;;SW1;x;2;x;ASIA
TCNU1714040;CMA;CNSHA;DEHAM;4500;x;22261;IMD;40;0336;1.4;;;;;;no;no;;;;;x;FIREWORKS;;;SW1;x;2;x;ASIA
APHU7300496;CMA;CNSHA;DEHAM;4500;x;20723;IMD;40;0336;1.4;;;;;;no;no;;;;;x;FIREWORKS;;;SW1;x;2;x;ASIA
SEKU5485171;CMA;CNSHA;DEHAM;4500;x;9494;IMD;40;0336;1.4;;;;;;no;no;;;;;x;FIREWORKS;;;SW1;x;2;x;ASIA
BEAU6262427;CMA;CNSHA;DEHAM;4500;x;21294;IMD;40;0336;1.4;;;;;;no;no;;;;;x;FIREWORKS;;;SW1;x;2;x;ASIA
TIIU4313543;CMA;CNSHA;DEHAM;4500;x;12260;IMD;40;0336;1.4;;;;;;no;no;;;;;x;FIREWORKS;;;SW1;x;2;x;ASIA
TGBU5811080;CMA;CNSHA;DEHAM;4500;x;20545.60;IMD;40;0336;1.4;;;;;;no;no;;;;;x;FIREWORKS;;;SW1;x;2;x;ASIA
CMAU3655006;CMA;CNSHA;DEHAM;4500;x;3060;IMD;40;0336;1.4;;;;;;no;no;;;;;x;FIREWORKS;;;SW1;x;2;x;ASIA
CAIU7190521;CMA;CNSHA;DEHAM;4500;x;8033;IMD;40;0336;1.4;;;;;;no;no;;;;;x;FIREWORKS;;;SW1;x;2;x;ASIA
CAIU9409028;CMA;CNSHA;DEHAM;4500;x;20295;IMD;40;0336;1.4;;;;;;no;no;;;;;x;FIREWORKS;;;SW1;x;2;x;ASIA
TLLU4888853;CMA;CNSHA;DEHAM;4500;x;18782.50;IMD;40;0336;1.4;;;;;;no;no;;;;;x;FIREWORKS;;;SW1;x;2;x;ASIA
CMAU3467924;CMA;CNSHA;DEHAM;4500;x;5667;IMD;40;0336;1.4;;;;;;no;no;;;;;x;FIREWORKS;;;SW1;x;2;x;ASIA
CAAU6186205;CMA;CNSHA;DEHAM;4500;x;15440;IMD;40;0336;1.4;;;;;;no;no;;;;;x;FIREWORKS;;;SW1;x;2;x;ASIA
CMAU9401858;CMA;CNSHA;DEHAM;4500;x;2400;IMD;40;0336;1.4;;;;;;no;no;;;;;x;FIREWORKS;;;SW1;x;2;x;ASIA
SEGU4376016;CMA;CNSHA;DEHAM;4500;x;12779;IMD;40;0336;1.4;;;;;;no;no;;;;;x;FIREWORKS;;;SW1;x;2;x;ASIA
DFSU7580666;CMA;CNSHA;DEHAM;4500;x;22519;IMD;40;0336;1.4;;;;;;no;no;;;;;x;FIREWORKS;;;SW1;x;2;x;ASIA
TCNU2658613;CMA;CNSHA;DEHAM;4500;x;12000;IMD;40;0336;1.4;;;;;;no;no;;;;;x;FIREWORKS;;;SW1;x;2;x;ASIA
BEAU6114986;CMA;CNSHA;DEHAM;4500;x;22247;IMD;40;0336;1.4;;;;;;no;no;;;;;x;FIREWORKS;;;SW1;x;2;x;ASIA
CMAU6808325;CMA;CNSHA;DEHAM;4500;x;4500;IMD;40;0336;1.4;;;;;;no;no;;;;;x;FIREWORKS;;;SW1;x;2;x;ASIA
TGBU9203621;CMA;CNSHA;DEHAM;4500;x;17621.80;IMD;40;0336;1.4;;;;;;no;no;;;;;x;FIREWORKS;;;SW1;x;2;x;ASIA
CMAU9559674;CMA;CNSHA;DEHAM;4500;x;20394;IMD;40;0335;1.3;;;;;;no;no;;;;x;;FIREWORKS;;;SW1;x;3;x;ASIA
CMAU7538667;CMA;CNSHA;DEHAM;4500;x;23560;IMD;40;0335;1.3;;;;;;no;no;;;;x;;FIREWORKS;;;SW1;x;3;x;ASIA
TGBU5990576;CMA;CNSHA;DEHAM;4500;x;17824.20;IMD;40;0335;1.3;;;;;;no;no;;;;x;;FIREWORKS;;;SW1;x;3;x;ASIA
BSIU9280419;CMA;CNSHA;DEHAM;4500;x;12232;IMD;40;0335;1.3;;;;;;no;no;;;;x;;FIREWORKS;;;SW1;x;3;x;ASIA
SEGU4322473;CMA;CNSHA;PLGDN;4500;x;4043;IMD;40;0335;1.3;;;;;;no;no;;;;x;;FIREWORKS;;;SW1;x;3;x;ASIA
CMAU8574680;CMA;CNSHA;FRLEH;4500;x;9900;IMD;40;0335;1.3;;;;;;no;no;;;;x;;FIREWORKS;;;SW1;x;3;x;ASIA
CMAU6104368;CMA;CNSHA;DEHAM;4500;x;9896;IMD;40;0335;1.3;;;;;;no;no;;;;x;;FIREWORKS;;;SW1;x;3;x;ASIA
CMAU3467924;CMA;CNSHA;DEHAM;4500;x;14793;IMD;40;0335;1.3;;;;;;no;no;;;;x;;FIREWORKS;;;SW1;x;3;x;ASIA
TLLU8612159;CMA;CNSHA;DEHAM;4500;x;11133;IMD;40;0335;1.3;;;;;;no;no;;;;x;;FIREWORKS;;;SW1;x;3;x;ASIA
FFAU5059365;CMA;CNSHA;DEHAM;4500;x;23570;IMD;40;0335;1.3;;;;;;no;no;;;;x;;FIREWORKS;;;SW1;x;3;x;ASIA
FFAU5220382;CMA;CNSHA;DEHAM;4500;x;22398;IMD;40;0335;1.3;;;;;;no;no;;;;x;;FIREWORKS;;;SW1;x;3;x;ASIA
CMAU9207903;CMA;CNSHA;DEHAM;4500;x;24256;IMD;40;0335;1.3;;;;;;no;no;;;;x;;FIREWORKS;;;SW1;x;3;x;ASIA
CMAU3815763;CMA;CNSHA;DEHAM;4500;x;16923;IMD;40;0335;1.3;;;;;;no;no;;;;x;;FIREWORKS;;;SW1;x;3;x;ASIA
CMAU3732859;CMA;CNSHA;DEHAM;4500;x;19398;IMD;40;0335;1.3;;;;;;no;no;;;;x;;FIREWORKS;;;SW1;x;3;x;ASIA
SEKU5889050;CMA;CNSHA;DEHAM;4500;x;21436.50;IMD;40;0335;1.3;;;;;;no;no;;;;x;;FIREWORKS;;;SW1;x;3;x;ASIA
GAOU6065144;CMA;CNSHA;DEHAM;4500;x;16380;IMD;40;0335;1.3;;;;;;no;no;;;;x;;FIREWORKS;;;SW1;x;3;x;ASIA
CMAU6808325;CMA;CNSHA;DEHAM;4500;x;4570;IMD;40;0335;1.3;;;;;;no;no;;;;x;;FIREWORKS;;;SW1;x;3;x;ASIA
CMAU7089524;CMA;CNSHA;DEHAM;4500;x;17975;IMD;40;0335;1.3;;;;;;no;no;;;;x;;FIREWORKS;;;SW1;x;3;x;ASIA
CMAU3655006;CMA;CNSHA;DEHAM;4500;x;13016;IMD;40;0335;1.3;;;;;;no;no;;;;x;;FIREWORKS;;;SW1;x;3;x;ASIA
CMAU8743711;CMA;CNSHA;DEHAM;4500;x;13980.80;IMD;40;0335;1.3;;;;;;no;no;;;;x;;FIREWORKS;;;SW1;x;3;x;ASIA
CMAU9401858;CMA;CNSHA;DEHAM;4500;x;17690;IMD;40;0335;1.3;;;;;;no;no;;;;x;;FIREWORKS;;;SW1;x;3;x;ASIA
TXGU7135855;CMA;CNSHA;DEHAM;4500;x;16844;IMD;40;0335;1.3;;;;;;no;no;;;;x;;FIREWORKS;;;SW1;x;3;x;ASIA
TCLU4096185;CMA;CNYTN;DEHAM;4310;;20214;IMD;40;3480;9;;;;;;no;no;;;x;;x;LITHIUM ION BATTERIES (INCLUDING LITHIUM ION POLYMER BATTERIES);;;SW19;x;A;;ASIA
CMAU8394292;CMA;CNYTN;DEHAM;4310;;19800;IMD;40;3480;9;;;;;;no;no;;;x;;x;LITHIUM ION BATTERIES (INCLUDING LITHIUM ION POLYMER BATTERIES);;;SW19;x;A;;ASIA
CMAU8297841;CMA;CNYTN;DEHAM;4310;;19800;IMD;40;3480;9;;;;;;no;no;;;x;;x;LITHIUM ION BATTERIES (INCLUDING LITHIUM ION POLYMER BATTERIES);;;SW19;x;A;;ASIA
APZU4751673;CMA;CNYTN;DEHAM;4310;;9007.20;IMD;40;3480;9;;;;;;no;no;;;x;;x;LITHIUM ION BATTERIES (INCLUDING LITHIUM ION POLYMER BATTERIES);;;SW19;x;A;;ASIA
CAIU8578830;CMA;CNSHA;DEHAM;4500;x;15925;IMD;40;3480;9;;;;;;no;no;;;x;;x;LITHIUM ION BATTERIES (INCLUDING LITHIUM ION POLYMER BATTERIES);;;SW19;x;A;;ASIA
ECMU4767913;CMA;CNSHA;DEHAM;4500;x;15925;IMD;40;3480;9;;;;;;no;no;;;x;;x;LITHIUM ION BATTERIES (INCLUDING LITHIUM ION POLYMER BATTERIES);;;SW19;x;A;;ASIA
APZU4677010;CMA;CNYTN;DEHAM;42G1;x;19800;IMD;40;3480;9;;;;;;no;no;;;x;;x;LITHIUM ION BATTERIES (INCLUDING LITHIUM ION POLYMER BATTERIES);;;SW19;x;A;;ASIA
SEKU5683618;CMA;CNYTN;SGSIN;45G1;x;5329;IMD;40;3480;9;;;;;;no;no;;;x;;x;LITHIUM ION BATTERIES (INCLUDING LITHIUM ION POLYMER BATTERIES);;;SW19;x;A;;ASIA
CMAU9144261;CMA;CNYTN;DEHAM;42G1;x;19800;IMD;40;3480;9;;;;;;no;no;;;x;;x;LITHIUM ION BATTERIES (INCLUDING LITHIUM ION POLYMER BATTERIES);;;SW19;x;A;;ASIA
TCKU2614420;CMA;CNYTN;DEHAM;22G1;x;4856;IMD;40;3480;9;;;;;;no;no;;;x;;x;LITHIUM ION BATTERIES (INCLUDING LITHIUM ION POLYMER BATTERIES);;;SW19;x;A;;ASIA
ECMU4768057;CMA;CNSHA;DEHAM;4500;x;15925;IMD;40;3480;9;;;;;;no;no;;;x;;x;LITHIUM ION BATTERIES (INCLUDING LITHIUM ION POLYMER BATTERIES);;;SW19;x;A;;ASIA
TLLU4431506;CMA;CNYTN;SGSIN;45G1;x;1103;IMD;40;3480;9;;;;;;no;no;;;x;;x;LITHIUM ION BATTERIES (INCLUDING LITHIUM ION POLYMER BATTERIES);;;SW19;x;A;;ASIA
UETU7129310;CMA;CNSHA;DEHAM;4500;x;15925;IMD;40;3480;9;;;;;;no;no;;;x;;x;LITHIUM ION BATTERIES (INCLUDING LITHIUM ION POLYMER BATTERIES);;;SW19;x;A;;ASIA
FCIU6341869;CMA;CNYTN;PLGDN;22G1;x;3954.40;IMD;40;3480;9;;;;;;no;no;;;x;;x;LITHIUM ION BATTERIES (INCLUDING LITHIUM ION POLYMER BATTERIES);;;SW19;x;A;;ASIA
BMOU2191192;CMA;CNYTN;MAPTM;22G1;x;108.70;IMD;40;3480;9;;;;;;no;no;;;x;;x;LITHIUM ION BATTERIES (INCLUDING LITHIUM ION POLYMER BATTERIES);;;SW19;x;A;;ASIA
UETU7129305;CMA;CNSHA;DEHAM;4500;x;15925;IMD;40;3480;9;;;;;;no;no;;;x;;x;LITHIUM ION BATTERIES (INCLUDING LITHIUM ION POLYMER BATTERIES);;;SW19;x;A;;ASIA
TCNU6132632;CMA;CNYTN;NLRTM;4510;;14400;IMD;40;3480;9;;;;;;no;no;;;x;;x;LITHIUM ION BATTERIES (INCLUDING LITHIUM ION POLYMER BATTERIES);;;SW19;x;A;;ASIA
GESU6640308;CMA;CNYTN;DEHAM;4310;;9007.20;IMD;40;3480;9;;;;;;no;no;;;x;;x;LITHIUM ION BATTERIES (INCLUDING LITHIUM ION POLYMER BATTERIES);;;SW19;x;A;;ASIA
CGMU5404348;CMA;CNYTN;DEHAM;45R1;x;17388.80;IMD;40;3480;9;;;;;;no;no;;;x;;x;LITHIUM ION BATTERIES (INCLUDING LITHIUM ION POLYMER BATTERIES);;25.0;SW19;x;A;;ASIA
TCLU4028690;CMA;CNYTN;DEHAM;4310;;19800;IMD;40;3480;9;;;;;;no;no;;;x;;x;LITHIUM ION BATTERIES (INCLUDING LITHIUM ION POLYMER BATTERIES);;;SW19;x;A;;ASIA
CMAU9101228;CMA;CNYTN;DEHAM;4310;;9007.20;IMD;40;3480;9;;;;;;no;no;;;x;;x;LITHIUM ION BATTERIES (INCLUDING LITHIUM ION POLYMER BATTERIES);;;SW19;x;A;;ASIA
APHU7388430;CMA;CNSHA;DEHAM;4500;x;15925;IMD;40;3480;9;;;;;;no;no;;;x;;x;LITHIUM ION BATTERIES (INCLUDING LITHIUM ION POLYMER BATTERIES);;;SW19;x;A;;ASIA
CAAU6043689;CMA;CNSHA;DEHAM;4500;x;15925;IMD;40;3480;9;;;;;;no;no;;;x;;x;LITHIUM ION BATTERIES (INCLUDING LITHIUM ION POLYMER BATTERIES);;;SW19;x;A;;ASIA
SEGU4005571;CMA;CNYTN;DEHAM;4310;;19800;IMD;40;3480;9;;;;;;no;no;;;x;;x;LITHIUM ION BATTERIES (INCLUDING LITHIUM ION POLYMER BATTERIES);;;SW19;x;A;;ASIA
SEKU9070609;CMA;CNYTN;FRLEH;45R1;x;8442;IMD;40;3480;9;;;;;;no;no;;;x;;x;LITHIUM ION BATTERIES (INCLUDING LITHIUM ION POLYMER BATTERIES);;25.0;SW19;x;A;;ASIA
APZU4882380;CMA;CNYTN;DEHAM;42G1;x;19800;IMD;40;3480;9;;;;;;no;no;;;x;;x;LITHIUM ION BATTERIES (INCLUDING LITHIUM ION POLYMER BATTERIES);;;SW19;x;A;;ASIA
ECMU4767868;CMA;CNSHA;DEHAM;4500;x;15925;IMD;40;3480;9;;;;;;no;no;;;x;;x;LITHIUM ION BATTERIES (INCLUDING LITHIUM ION POLYMER BATTERIES);;;SW19;x;A;;ASIA
TTNU8876220;CMA;CNYTN;PLGDN;45R1;x;13464;IMD;40;3480;9;;;;;;no;no;;;x;;x;LITHIUM ION BATTERIES (INCLUDING LITHIUM ION POLYMER BATTERIES);;23.0;SW19;x;A;;ASIA
TGHU9529543;CMA;CNYTN;DEHAM;4510;;7230;IMD;40;3480;9;;;;;;no;no;;;x;;x;LITHIUM ION BATTERIES (INCLUDING LITHIUM ION POLYMER BATTERIES);;;SW19;x;A;;ASIA
BEAU4030989;CMA;CNSHA;DEHAM;4500;x;15925;IMD;40;3480;9;;;;;;no;no;;;x;;x;LITHIUM ION BATTERIES (INCLUDING LITHIUM ION POLYMER BATTERIES);;;SW19;x;A;;ASIA
APZU4739169;CMA;CNYTN;DEHAM;4310;;19800;IMD;40;3480;9;;;;;;no;no;;;x;;x;LITHIUM ION BATTERIES (INCLUDING LITHIUM ION POLYMER BATTERIES);;;SW19;x;A;;ASIA
OOCU7856772;OOLN;CNYTN;NLRTM;4510;;17595;IMD;40;3480;9;;;;;;no;no;;;x;;x;LITHIUM ION BATTERIES (INCLUDING LITHIUM ION POLYMER BATTERIES);;;SW19;x;A;;ASIA
AMCU9360546;CMA;CNYTN;DEHAM;45R1;x;20000;IMD;40;3480;9;;;;;;no;no;;;x;;x;LITHIUM ION BATTERIES (INCLUDING LITHIUM ION POLYMER BATTERIES);;25.0;SW19;x;A;;ASIA
CBHU4347941;OOLN;CNYTN;DEHAM;22G1;x;769.95;IMD;40;3480;9;;;;;;no;no;;;x;;x;LITHIUM ION BATTERIES (INCLUDING LITHIUM ION POLYMER BATTERIES);;;SW19;x;A;;ASIA
APHU7351050;CMA;CNSHA;DEHAM;4500;x;15925;IMD;40;3480;9;;;;;;no;no;;;x;;x;LITHIUM ION BATTERIES (INCLUDING LITHIUM ION POLYMER BATTERIES);;;SW19;x;A;;ASIA
OOLU6933865;OOLN;CNYTN;NLRTM;45G1;x;17595;IMD;40;3480;9;;;;;;no;no;;;x;;x;LITHIUM ION BATTERIES (INCLUDING LITHIUM ION POLYMER BATTERIES);;;SW19;x;A;;ASIA
TGBU4951195;OOLN;CNYTN;NLRTM;4510;;17595;IMD;40;3480;9;;;;;;no;no;;;x;;x;LITHIUM ION BATTERIES (INCLUDING LITHIUM ION POLYMER BATTERIES);;;SW19;x;A;;ASIA
TEMU8436104;OOLN;CNYTN;NLRTM;4510;;17595;IMD;40;3480;9;;;;;;no;no;;;x;;x;LITHIUM ION BATTERIES (INCLUDING LITHIUM ION POLYMER BATTERIES);;;SW19;x;A;;ASIA
CMAU8677604;CMA;CNYTN;NLRTM;45G1;x;14400;IMD;40;3480;9;;;;;;no;no;;;x;;x;LITHIUM ION BATTERIES (INCLUDING LITHIUM ION POLYMER BATTERIES);;;SW19;x;A;;ASIA
CMAU8324757;CMA;CNYTN;DEHAM;4310;;19800;IMD;40;3480;9;;;;;;no;no;;;x;;x;LITHIUM ION BATTERIES (INCLUDING LITHIUM ION POLYMER BATTERIES);;;SW19;x;A;;ASIA
TCLU4368318;CMA;CNYTN;DEHAM;4310;;19800;IMD;40;3480;9;;;;;;no;no;;;x;;x;LITHIUM ION BATTERIES (INCLUDING LITHIUM ION POLYMER BATTERIES);;;SW19;x;A;;ASIA
TCNU5020520;CMA;CNYTN;NLRTM;45G1;x;14400;IMD;40;3480;9;;;;;;no;no;;;x;;x;LITHIUM ION BATTERIES (INCLUDING LITHIUM ION POLYMER BATTERIES);;;SW19;x;A;;ASIA
TTNU8250555;CMA;CNYTN;PLGDN;45R1;x;13464;IMD;40;3480;9;;;;;;no;no;;;x;;x;LITHIUM ION BATTERIES (INCLUDING LITHIUM ION POLYMER BATTERIES);;23.0;SW19;x;A;;ASIA
CGMU9384321;CMA;CNYTN;PLGDN;45R1;x;13464;IMD;40;3480;9;;;;;;no;no;;;x;;x;LITHIUM ION BATTERIES (INCLUDING LITHIUM ION POLYMER BATTERIES);;23.0;SW19;x;A;;ASIA
AMCU9373250;CMA;CNYTN;DEHAM;45R1;x;20000;IMD;40;3480;9;;;;;;no;no;;;x;;x;LITHIUM ION BATTERIES (INCLUDING LITHIUM ION POLYMER BATTERIES);;25.0;SW19;x;A;;ASIA
TRHU4095092;COS;CNYTN;DEHAM;4510;;946;IMD;40;3480;9;;;;;;no;no;;;x;;x;LITHIUM ION BATTERIES (INCLUDING LITHIUM ION POLYMER BATTERIES);;;SW19;x;A;;ASIA
FBIU5111514;CMA;CNYTN;DEHAM;45R1;x;20670;IMD;40;3480;9;;;;;;no;no;;;x;;x;LITHIUM ION BATTERIES (INCLUDING LITHIUM ION POLYMER BATTERIES);;25.0;SW19;x;A;;ASIA
OOCU7149194;OOLN;CNYTN;NLRTM;45G1;x;17595;IMD;40;3480;9;;;;;;no;no;;;x;;x;LITHIUM ION BATTERIES (INCLUDING LITHIUM ION POLYMER BATTERIES);;;SW19;x;A;;ASIA
CSNU6697736;OOLN;CNYTN;NLRTM;45G1;x;235.20;IMD;40;3480;9;;;;;;no;no;;;x;;x;LITHIUM ION BATTERIES (INCLUDING LITHIUM ION POLYMER BATTERIES);;;SW19;x;A;;ASIA
ECMU4767657;CMA;CNSHA;DEHAM;4500;x;15925;IMD;40;3480;9;;;;;;no;no;;;x;;x;LITHIUM ION BATTERIES (INCLUDING LITHIUM ION POLYMER BATTERIES);;;SW19;x;A;;ASIA
TRLU9460771;CMA;CNYTN;FRLEH;42G1;x;11767.30;IMD;40;3480;9;;;;;;no;no;;;x;;x;LITHIUM ION BATTERIES (INCLUDING LITHIUM ION POLYMER BATTERIES);;;SW19;x;A;;ASIA
UETU7130219;CMA;CNSHA;DEHAM;4500;x;15925;IMD;40;3480;9;;;;;;no;no;;;x;;x;LITHIUM ION BATTERIES (INCLUDING LITHIUM ION POLYMER BATTERIES);;;SW19;x;A;;ASIA
TCKU1855676;CMA;CNYTN;DEHAM;22G1;x;9148;IMD;40;3480;9;;;;;;no;no;;;x;;x;LITHIUM ION BATTERIES (INCLUDING LITHIUM ION POLYMER BATTERIES);;;SW19;x;A;;ASIA
TEMU9338890;CMA;CNYTN;PLGDN;45R1;x;13464;IMD;40;3480;9;;;;;;no;no;;;x;;x;LITHIUM ION BATTERIES (INCLUDING LITHIUM ION POLYMER BATTERIES);;23.0;SW19;x;A;;ASIA
CGMU9389880;CMA;CNYTN;DEHAM;45R1;x;20000;IMD;40;3480;9;;;;;;no;no;;;x;;x;LITHIUM ION BATTERIES (INCLUDING LITHIUM ION POLYMER BATTERIES);;25.0;SW19;x;A;;ASIA
TCKU6230085;CMA;CNSHA;DEHAM;4500;x;15925;IMD;40;3480;9;;;;;;no;no;;;x;;x;LITHIUM ION BATTERIES (INCLUDING LITHIUM ION POLYMER BATTERIES);;;SW19;x;A;;ASIA
ECMU4767003;CMA;CNSHA;DEHAM;4500;x;15925;IMD;40;3480;9;;;;;;no;no;;;x;;x;LITHIUM ION BATTERIES (INCLUDING LITHIUM ION POLYMER BATTERIES);;;SW19;x;A;;ASIA
CGMU5620265;CMA;CNYTN;PLGDN;45R1;x;13464;IMD;40;3480;9;;;;;;no;no;;;x;;x;LITHIUM ION BATTERIES (INCLUDING LITHIUM ION POLYMER BATTERIES);;23.0;SW19;x;A;;ASIA
CMAU0666352;CMA;CNSHA;PLGDN;2200;x;4839.60;IMD;40;3480;9;;;;;;no;no;;;x;;x;LITHIUM ION BATTERIES (INCLUDING LITHIUM ION POLYMER BATTERIES);;;SW19;x;A;;ASIA
CMAU0781612;CMA;CNSHA;DEHAM;2200;x;2040;IMD;40;3480;9;;;;;;no;no;;;x;;x;LITHIUM ION BATTERIES (INCLUDING LITHIUM ION POLYMER BATTERIES);;;SW19;x;A;;ASIA
TRHU8918563;CMA;CNYTN;NLRTM;4510;;14400;IMD;40;3480;9;;;;;;no;no;;;x;;x;LITHIUM ION BATTERIES (INCLUDING LITHIUM ION POLYMER BATTERIES);;;SW19;x;A;;ASIA
TRHU5962120;OOLN;CNYTN;NLRTM;45G1;x;17595;IMD;40;3480;9;;;;;;no;no;;;x;;x;LITHIUM ION BATTERIES (INCLUDING LITHIUM ION POLYMER BATTERIES);;;SW19;x;A;;ASIA
CSNU7292434;OOLN;CNYTN;NLRTM;4510;;17595;IMD;40;3480;9;;;;;;no;no;;;x;;x;LITHIUM ION BATTERIES (INCLUDING LITHIUM ION POLYMER BATTERIES);;;SW19;x;A;;ASIA
TRLU8740438;CMA;CNYTN;DEHAM;4310;;19800;IMD;40;3480;9;;;;;;no;no;;;x;;x;LITHIUM ION BATTERIES (INCLUDING LITHIUM ION POLYMER BATTERIES);;;SW19;x;A;;ASIA
SEKU5619901;CMA;CNSHA;DEHAM;4500;x;15925;IMD;40;3480;9;;;;;;no;no;;;x;;x;LITHIUM ION BATTERIES (INCLUDING LITHIUM ION POLYMER BATTERIES);;;SW19;x;A;;ASIA
FCIU8755940;CMA;CNSHA;DEHAM;4500;x;15925;IMD;40;3480;9;;;;;;no;no;;;x;;x;LITHIUM ION BATTERIES (INCLUDING LITHIUM ION POLYMER BATTERIES);;;SW19;x;A;;ASIA
ECMU4768036;CMA;CNSHA;DEHAM;4500;x;15925;IMD;40;3480;9;;;;;;no;no;;;x;;x;LITHIUM ION BATTERIES (INCLUDING LITHIUM ION POLYMER BATTERIES);;;SW19;x;A;;ASIA
ECMU4775652;CMA;CNSHA;DEHAM;4500;x;15925;IMD;40;3480;9;;;;;;no;no;;;x;;x;LITHIUM ION BATTERIES (INCLUDING LITHIUM ION POLYMER BATTERIES);;;SW19;x;A;;ASIA
OERU4137942;COS;SGSIN;DEHAM2;45R1;x;18862.44;IMD;40;3480;9;;;;;;no;no;;;x;;x;LITHIUM ION BATTERIES (INCLUDING LITHIUM ION POLYMER BATTERIES), TRANSPORTED IN ACCORDANCE WITH SPECIAL PROVISION 376 OR 377;;25.0;SW19;x;C;;ASIA
CGMU5510669;CMA;SGSIN;MAPTM;45R1;x;21824;IMD;40;3480;9;;;;;;no;no;;;x;;x;LITHIUM ION BATTERIES (INCLUDING LITHIUM ION POLYMER BATTERIES), TRANSPORTED IN ACCORDANCE WITH SPECIAL PROVISION 376 OR 377;;23.0;SW19;x;C;;ASIA
FBIU5035667;COS;SGSIN;DEHAM2;45R1;x;19420.56;IMD;40;3480;9;;;;;;no;no;;;x;;x;LITHIUM ION BATTERIES (INCLUDING LITHIUM ION POLYMER BATTERIES), TRANSPORTED IN ACCORDANCE WITH SPECIAL PROVISION 376 OR 377;;25.0;SW19;x;C;;ASIA
CGMU9400968;CMA;SGSIN;DEHAM2;45R1;x;20480;IMD;40;3480;9;;;;;;no;no;;;x;;x;LITHIUM ION BATTERIES (INCLUDING LITHIUM ION POLYMER BATTERIES), TRANSPORTED IN ACCORDANCE WITH SPECIAL PROVISION 376 OR 377;;25.0;SW19;x;C;;ASIA
CGMU5224285;CMA;SGSIN;DEHAM2;45R1;x;17802;IMD;40;3480;9;;;;;;no;no;;;x;;x;LITHIUM ION BATTERIES (INCLUDING LITHIUM ION POLYMER BATTERIES), TRANSPORTED IN ACCORDANCE WITH SPECIAL PROVISION 376 OR 377;;25.0;SW19;x;C;;ASIA
TTNU8375172;CMA;SGSIN;DEHAM2;45R1;x;19968;IMD;40;3480;9;;;;;;no;no;;;x;;x;LITHIUM ION BATTERIES (INCLUDING LITHIUM ION POLYMER BATTERIES), TRANSPORTED IN ACCORDANCE WITH SPECIAL PROVISION 376 OR 377;;25.0;SW19;x;C;;ASIA
TTNU8604237;CMA;SGSIN;DEHAM2;45R1;x;18835.20;IMD;40;3480;9;;;;;;no;no;;;x;;x;LITHIUM ION BATTERIES (INCLUDING LITHIUM ION POLYMER BATTERIES), TRANSPORTED IN ACCORDANCE WITH SPECIAL PROVISION 376 OR 377;;25.0;SW19;x;C;;ASIA
CGMU5433351;CMA;SGSIN;DEHAM2;45R1;x;19310.40;IMD;40;3480;9;;;;;;no;no;;;x;;x;LITHIUM ION BATTERIES (INCLUDING LITHIUM ION POLYMER BATTERIES), TRANSPORTED IN ACCORDANCE WITH SPECIAL PROVISION 376 OR 377;;25.0;SW19;x;C;;ASIA
SZLU9682820;CMA;SGSIN;DEHAM2;45R1;x;18835.20;IMD;40;3480;9;;;;;;no;no;;;x;;x;LITHIUM ION BATTERIES (INCLUDING LITHIUM ION POLYMER BATTERIES), TRANSPORTED IN ACCORDANCE WITH SPECIAL PROVISION 376 OR 377;;25.0;SW19;x;C;;ASIA
SZLU9894515;CMA;SGSIN;DEHAM2;45R1;x;17802;IMD;40;3480;9;;;;;;no;no;;;x;;x;LITHIUM ION BATTERIES (INCLUDING LITHIUM ION POLYMER BATTERIES), TRANSPORTED IN ACCORDANCE WITH SPECIAL PROVISION 376 OR 377;;25.0;SW19;x;C;;ASIA
SZLU9209400;CMA;SGSIN;DEHAM2;45R1;x;17802;IMD;40;3480;9;;;;;;no;no;;;x;;x;LITHIUM ION BATTERIES (INCLUDING LITHIUM ION POLYMER BATTERIES), TRANSPORTED IN ACCORDANCE WITH SPECIAL PROVISION 376 OR 377;;25.0;SW19;x;C;;ASIA
SEGU9134669;CMA;SGSIN;DEHAM2;45R1;x;18835.20;IMD;40;3480;9;;;;;;no;no;;;x;;x;LITHIUM ION BATTERIES (INCLUDING LITHIUM ION POLYMER BATTERIES), TRANSPORTED IN ACCORDANCE WITH SPECIAL PROVISION 376 OR 377;;25.0;SW19;x;C;;ASIA
CGMU5377345;CMA;SGSIN;DEHAM2;45R1;x;17802;IMD;40;3480;9;;;;;;no;no;;;x;;x;LITHIUM ION BATTERIES (INCLUDING LITHIUM ION POLYMER BATTERIES), TRANSPORTED IN ACCORDANCE WITH SPECIAL PROVISION 376 OR 377;;25.0;SW19;x;C;;ASIA
FBIU5075823;CMA;SGSIN;DEHAM2;45R1;x;17802;IMD;40;3480;9;;;;;;no;no;;;x;;x;LITHIUM ION BATTERIES (INCLUDING LITHIUM ION POLYMER BATTERIES), TRANSPORTED IN ACCORDANCE WITH SPECIAL PROVISION 376 OR 377;;25.0;SW19;x;C;;ASIA
CGMU5544165;CMA;SGSIN;DEHAM2;45R1;x;18835.20;IMD;40;3480;9;;;;;;no;no;;;x;;x;LITHIUM ION BATTERIES (INCLUDING LITHIUM ION POLYMER BATTERIES), TRANSPORTED IN ACCORDANCE WITH SPECIAL PROVISION 376 OR 377;;25.0;SW19;x;C;;ASIA
TLLU3228120;CMA;SGSIN;FRLEH;22G1;x;22.08;IMD;40;3480;9;;;;;;no;no;;;x;;x;LITHIUM ION BATTERIES (INCLUDING LITHIUM ION POLYMER BATTERIES), TRANSPORTED IN ACCORDANCE WITH SPECIAL PROVISION 376 OR 377;;;SW19;x;C;;ASIA
FSCU5761779;COS;SGSIN;DEHAM2;45R1;x;18862.44;IMD;40;3480;9;;;;;;no;no;;;x;;x;LITHIUM ION BATTERIES (INCLUDING LITHIUM ION POLYMER BATTERIES), TRANSPORTED IN ACCORDANCE WITH SPECIAL PROVISION 376 OR 377;;25.0;SW19;x;C;;ASIA
AMCU9350471;CMA;SGSIN;DEHAM2;45R4;x;19310.40;IMD;40;3480;9;;;;;;no;no;;;x;;x;LITHIUM ION BATTERIES (INCLUDING LITHIUM ION POLYMER BATTERIES), TRANSPORTED IN ACCORDANCE WITH SPECIAL PROVISION 376 OR 377;;25.0;SW19;x;C;;ASIA
FBIU5205423;CMA;SGSIN;DEHAM2;45R1;x;17802;IMD;40;3480;9;;;;;;no;no;;;x;;x;LITHIUM ION BATTERIES (INCLUDING LITHIUM ION POLYMER BATTERIES), TRANSPORTED IN ACCORDANCE WITH SPECIAL PROVISION 376 OR 377;;25.0;SW19;x;C;;ASIA
TTNU8955817;CMA;SGSIN;DEHAM2;45R7;x;19968;IMD;40;3480;9;;;;;;no;no;;;x;;x;LITHIUM ION BATTERIES (INCLUDING LITHIUM ION POLYMER BATTERIES), TRANSPORTED IN ACCORDANCE WITH SPECIAL PROVISION 376 OR 377;;25.0;SW19;x;C;;ASIA
CGMU9405804;CMA;SGSIN;DEHAM2;45R1;x;17802;IMD;40;3480;9;;;;;;no;no;;;x;;x;LITHIUM ION BATTERIES (INCLUDING LITHIUM ION POLYMER BATTERIES), TRANSPORTED IN ACCORDANCE WITH SPECIAL PROVISION 376 OR 377;;25.0;SW19;x;C;;ASIA
AMCU9387423;CMA;SGSIN;DEHAM2;45R4;x;20084.40;IMD;40;3480;9;;;;;;no;no;;;x;;x;LITHIUM ION BATTERIES (INCLUDING LITHIUM ION POLYMER BATTERIES), TRANSPORTED IN ACCORDANCE WITH SPECIAL PROVISION 376 OR 377;;25.0;SW19;x;C;;ASIA
CGMU5111817;CMA;SGSIN;DEHAM2;45R1;x;18835.20;IMD;40;3480;9;;;;;;no;no;;;x;;x;LITHIUM ION BATTERIES (INCLUDING LITHIUM ION POLYMER BATTERIES), TRANSPORTED IN ACCORDANCE WITH SPECIAL PROVISION 376 OR 377;;25.0;SW19;x;C;;ASIA
BMOU9897365;CMA;SGSIN;DEHAM2;45R4;x;18835.20;IMD;40;3480;9;;;;;;no;no;;;x;;x;LITHIUM ION BATTERIES (INCLUDING LITHIUM ION POLYMER BATTERIES), TRANSPORTED IN ACCORDANCE WITH SPECIAL PROVISION 376 OR 377;;25.0;SW19;x;C;;ASIA
SEGU9982192;COS;SGSIN;DEHAM2;45R1;x;19420.56;IMD;40;3480;9;;;;;;no;no;;;x;;x;LITHIUM ION BATTERIES (INCLUDING LITHIUM ION POLYMER BATTERIES), TRANSPORTED IN ACCORDANCE WITH SPECIAL PROVISION 376 OR 377;;25.0;SW19;x;C;;ASIA
TEMU9866898;CMA;SGSIN;DEHAM2;45R4;x;19310.40;IMD;40;3480;9;;;;;;no;no;;;x;;x;LITHIUM ION BATTERIES (INCLUDING LITHIUM ION POLYMER BATTERIES), TRANSPORTED IN ACCORDANCE WITH SPECIAL PROVISION 376 OR 377;;25.0;SW19;x;C;;ASIA
FBIU5570658;COS;SGSIN;DEHAM2;45R1;x;19420.56;IMD;40;3480;9;;;;;;no;no;;;x;;x;LITHIUM ION BATTERIES (INCLUDING LITHIUM ION POLYMER BATTERIES), TRANSPORTED IN ACCORDANCE WITH SPECIAL PROVISION 376 OR 377;;25.0;SW19;x;C;;ASIA
TEMU9871981;CMA;SGSIN;DEHAM2;45R4;x;17802;IMD;40;3480;9;;;;;;no;no;;;x;;x;LITHIUM ION BATTERIES (INCLUDING LITHIUM ION POLYMER BATTERIES), TRANSPORTED IN ACCORDANCE WITH SPECIAL PROVISION 376 OR 377;;25.0;SW19;x;C;;ASIA
CGMU5145627;CMA;SGSIN;DEHAM2;45R1;x;19968;IMD;40;3480;9;;;;;;no;no;;;x;;x;LITHIUM ION BATTERIES (INCLUDING LITHIUM ION POLYMER BATTERIES), TRANSPORTED IN ACCORDANCE WITH SPECIAL PROVISION 376 OR 377;;25.0;SW19;x;C;;ASIA
CGMU8018550;CMA;SGSIN;MAPTM;45R1;x;21824;IMD;40;3480;9;;;;;;no;no;;;x;;x;LITHIUM ION BATTERIES (INCLUDING LITHIUM ION POLYMER BATTERIES), TRANSPORTED IN ACCORDANCE WITH SPECIAL PROVISION 376 OR 377;;23.0;SW19;x;C;;ASIA
CMAU4466244;CMA;SGSIN;DEHAM2;45G1;x;21272.40;IMD;40;3480;9;;;;;;no;no;;;x;;x;LITHIUM ION BATTERIES (INCLUDING LITHIUM ION POLYMER BATTERIES), TRANSPORTED IN ACCORDANCE WITH SPECIAL PROVISION 376 OR 377;;;SW19;x;C;;ASIA
CMAU6453591;CMA;SGSIN;DEHAM2;45G1;x;21272.40;IMD;40;3480;9;;;;;;no;no;;;x;;x;LITHIUM ION BATTERIES (INCLUDING LITHIUM ION POLYMER BATTERIES), TRANSPORTED IN ACCORDANCE WITH SPECIAL PROVISION 376 OR 377;;;SW19;x;C;;ASIA
FBIU5174370;COS;SGSIN;DEHAM2;45R1;x;17340;IMD;40;3480;9;;;;;;no;no;;;x;;x;LITHIUM ION BATTERIES (INCLUDING LITHIUM ION POLYMER BATTERIES), TRANSPORTED IN ACCORDANCE WITH SPECIAL PROVISION 376 OR 377;;25.0;SW19;x;C;;ASIA
CGMU6534243;CMA;SGSIN;DEHAM2;45R1;x;17802;IMD;40;3480;9;;;;;;no;no;;;x;;x;LITHIUM ION BATTERIES (INCLUDING LITHIUM ION POLYMER BATTERIES), TRANSPORTED IN ACCORDANCE WITH SPECIAL PROVISION 376 OR 377;;25.0;SW19;x;C;;ASIA
CGMU5374726;CMA;SGSIN;MAPTM;45R1;x;21824;IMD;40;3480;9;;;;;;no;no;;;x;;x;LITHIUM ION BATTERIES (INCLUDING LITHIUM ION POLYMER BATTERIES), TRANSPORTED IN ACCORDANCE WITH SPECIAL PROVISION 376 OR 377;;23.0;SW19;x;C;;ASIA
CGMU5458215;CMA;SGSIN;MAPTM;45R1;x;21824;IMD;40;3480;9;;;;;;no;no;;;x;;x;LITHIUM ION BATTERIES (INCLUDING LITHIUM ION POLYMER BATTERIES), TRANSPORTED IN ACCORDANCE WITH SPECIAL PROVISION 376 OR 377;;23.0;SW19;x;C;;ASIA
TXGU9018098;COS;SGSIN;DEHAM2;45R1;x;18862.44;IMD;40;3480;9;;;;;;no;no;;;x;;x;LITHIUM ION BATTERIES (INCLUDING LITHIUM ION POLYMER BATTERIES), TRANSPORTED IN ACCORDANCE WITH SPECIAL PROVISION 376 OR 377;;25.0;SW19;x;C;;ASIA
TCLU1138883;CMA;SGSIN;DEHAM2;45R1;x;19968;IMD;40;3480;9;;;;;;no;no;;;x;;x;LITHIUM ION BATTERIES (INCLUDING LITHIUM ION POLYMER BATTERIES), TRANSPORTED IN ACCORDANCE WITH SPECIAL PROVISION 376 OR 377;;25.0;SW19;x;C;;ASIA
FBIU5569127;COS;SGSIN;DEHAM2;45R1;x;19420.56;IMD;40;3480;9;;;;;;no;no;;;x;;x;LITHIUM ION BATTERIES (INCLUDING LITHIUM ION POLYMER BATTERIES), TRANSPORTED IN ACCORDANCE WITH SPECIAL PROVISION 376 OR 377;;25.0;SW19;x;C;;ASIA
CGMU5160025;CMA;SGSIN;DEHAM2;45R1;x;19310.40;IMD;40;3480;9;;;;;;no;no;;;x;;x;LITHIUM ION BATTERIES (INCLUDING LITHIUM ION POLYMER BATTERIES), TRANSPORTED IN ACCORDANCE WITH SPECIAL PROVISION 376 OR 377;;25.0;SW19;x;C;;ASIA
CGMU5376694;CMA;SGSIN;DEHAM2;45R1;x;17802;IMD;40;3480;9;;;;;;no;no;;;x;;x;LITHIUM ION BATTERIES (INCLUDING LITHIUM ION POLYMER BATTERIES), TRANSPORTED IN ACCORDANCE WITH SPECIAL PROVISION 376 OR 377;;25.0;SW19;x;C;;ASIA
TTNU8488754;CMA;SGSIN;DEHAM2;45R1;x;17802;IMD;40;3480;9;;;;;;no;no;;;x;;x;LITHIUM ION BATTERIES (INCLUDING LITHIUM ION POLYMER BATTERIES), TRANSPORTED IN ACCORDANCE WITH SPECIAL PROVISION 376 OR 377;;25.0;SW19;x;C;;ASIA
OOCU4839600;COS;SGSIN;DEHAM2;42G1;x;20588.40;IMD;40;3480;9;;;;;;no;no;;;x;;x;LITHIUM ION BATTERIES (INCLUDING LITHIUM ION POLYMER BATTERIES), TRANSPORTED IN ACCORDANCE WITH SPECIAL PROVISION 376 OR 377;;;SW19;x;C;;ASIA
OERU4076430;COS;SGSIN;DEHAM2;45R1;x;18862.44;IMD;40;3480;9;;;;;;no;no;;;x;;x;LITHIUM ION BATTERIES (INCLUDING LITHIUM ION POLYMER BATTERIES), TRANSPORTED IN ACCORDANCE WITH SPECIAL PROVISION 376 OR 377;;25.0;SW19;x;C;;ASIA
ECMU9365202;CMA;SGSIN;DEHAM2;45G1;x;21272.40;IMD;40;3480;9;;;;;;no;no;;;x;;x;LITHIUM ION BATTERIES (INCLUDING LITHIUM ION POLYMER BATTERIES), TRANSPORTED IN ACCORDANCE WITH SPECIAL PROVISION 376 OR 377;;;SW19;x;C;;ASIA
CGMU5268679;CMA;SGSIN;DEHAM2;45R1;x;17802;IMD;40;3480;9;;;;;;no;no;;;x;;x;LITHIUM ION BATTERIES (INCLUDING LITHIUM ION POLYMER BATTERIES), TRANSPORTED IN ACCORDANCE WITH SPECIAL PROVISION 376 OR 377;;25.0;SW19;x;C;;ASIA
OOLU4365534;COS;SGSIN;DEHAM2;42G1;x;20588.40;IMD;40;3480;9;;;;;;no;no;;;x;;x;LITHIUM ION BATTERIES (INCLUDING LITHIUM ION POLYMER BATTERIES), TRANSPORTED IN ACCORDANCE WITH SPECIAL PROVISION 376 OR 377;;;SW19;x;C;;ASIA
OTPU6165502;COS;SGSIN;DEHAM2;45R1;x;17340;IMD;40;3480;9;;;;;;no;no;;;x;;x;LITHIUM ION BATTERIES (INCLUDING LITHIUM ION POLYMER BATTERIES), TRANSPORTED IN ACCORDANCE WITH SPECIAL PROVISION 376 OR 377;;25.0;SW19;x;C;;ASIA
CGMU5192629;CMA;SGSIN;DEHAM2;45R1;x;20480;IMD;40;3480;9;;;;;;no;no;;;x;;x;LITHIUM ION BATTERIES (INCLUDING LITHIUM ION POLYMER BATTERIES), TRANSPORTED IN ACCORDANCE WITH SPECIAL PROVISION 376 OR 377;;25.0;SW19;x;C;;ASIA
FBIU5055848;COS;SGSIN;DEHAM2;45R1;x;17340;IMD;40;3480;9;;;;;;no;no;;;x;;x;LITHIUM ION BATTERIES (INCLUDING LITHIUM ION POLYMER BATTERIES), TRANSPORTED IN ACCORDANCE WITH SPECIAL PROVISION 376 OR 377;;25.0;SW19;x;C;;ASIA
OERU4173174;COS;SGSIN;DEHAM2;45R1;x;19420.56;IMD;40;3480;9;;;;;;no;no;;;x;;x;LITHIUM ION BATTERIES (INCLUDING LITHIUM ION POLYMER BATTERIES), TRANSPORTED IN ACCORDANCE WITH SPECIAL PROVISION 376 OR 377;;25.0;SW19;x;C;;ASIA
TTNU8427342;CMA;SGSIN;DEHAM2;45R1;x;20480;IMD;40;3480;9;;;;;;no;no;;;x;;x;LITHIUM ION BATTERIES (INCLUDING LITHIUM ION POLYMER BATTERIES), TRANSPORTED IN ACCORDANCE WITH SPECIAL PROVISION 376 OR 377;;25.0;SW19;x;C;;ASIA
TTNU8686410;CMA;SGSIN;DEHAM2;45R1;x;17802;IMD;40;3480;9;;;;;;no;no;;;x;;x;LITHIUM ION BATTERIES (INCLUDING LITHIUM ION POLYMER BATTERIES), TRANSPORTED IN ACCORDANCE WITH SPECIAL PROVISION 376 OR 377;;25.0;SW19;x;C;;ASIA
CGMU5232362;CMA;SGSIN;DEHAM2;45R1;x;17802;IMD;40;3480;9;;;;;;no;no;;;x;;x;LITHIUM ION BATTERIES (INCLUDING LITHIUM ION POLYMER BATTERIES), TRANSPORTED IN ACCORDANCE WITH SPECIAL PROVISION 376 OR 377;;25.0;SW19;x;C;;ASIA
CMAU6488788;CMA;SGSIN;DEHAM2;45G1;x;8100;IMD;40;3480;9;;;;;;no;no;;;x;;x;LITHIUM ION BATTERIES (INCLUDING LITHIUM ION POLYMER BATTERIES), TRANSPORTED IN ACCORDANCE WITH SPECIAL PROVISION 376 OR 377;;;SW19;x;C;;ASIA
OOCU4934017;COS;SGSIN;DEHAM2;42G1;x;20588.40;IMD;40;3480;9;;;;;;no;no;;;x;;x;LITHIUM ION BATTERIES (INCLUDING LITHIUM ION POLYMER BATTERIES), TRANSPORTED IN ACCORDANCE WITH SPECIAL PROVISION 376 OR 377;;;SW19;x;C;;ASIA
FBIU5347731;COS;SGSIN;DEHAM2;45R1;x;17340;IMD;40;3480;9;;;;;;no;no;;;x;;x;LITHIUM ION BATTERIES (INCLUDING LITHIUM ION POLYMER BATTERIES), TRANSPORTED IN ACCORDANCE WITH SPECIAL PROVISION 376 OR 377;;25.0;SW19;x;C;;ASIA
OOCU4812359;COS;SGSIN;DEHAM2;42G1;x;19310.40;IMD;40;3480;9;;;;;;no;no;;;x;;x;LITHIUM ION BATTERIES (INCLUDING LITHIUM ION POLYMER BATTERIES), TRANSPORTED IN ACCORDANCE WITH SPECIAL PROVISION 376 OR 377;;;SW19;x;C;;ASIA
TEMU6954716;CMA;SGSIN;DEHAM2;45G1;x;21272.40;IMD;40;3480;9;;;;;;no;no;;;x;;x;LITHIUM ION BATTERIES (INCLUDING LITHIUM ION POLYMER BATTERIES), TRANSPORTED IN ACCORDANCE WITH SPECIAL PROVISION 376 OR 377;;;SW19;x;C;;ASIA
TIIU4511554;CMA;SGSIN;DEHAM2;45G1;x;21272.40;IMD;40;3480;9;;;;;;no;no;;;x;;x;LITHIUM ION BATTERIES (INCLUDING LITHIUM ION POLYMER BATTERIES), TRANSPORTED IN ACCORDANCE WITH SPECIAL PROVISION 376 OR 377;;;SW19;x;C;;ASIA
CGMU5503335;CMA;SGSIN;DEHAM2;45R1;x;17802;IMD;40;3480;9;;;;;;no;no;;;x;;x;LITHIUM ION BATTERIES (INCLUDING LITHIUM ION POLYMER BATTERIES), TRANSPORTED IN ACCORDANCE WITH SPECIAL PROVISION 376 OR 377;;25.0;SW19;x;C;;ASIA
OTPU6318710;CMA;SGSIN;MAPTM;45R1;x;4092;IMD;40;3480;9;;;;;;no;no;;;x;;x;LITHIUM ION BATTERIES (INCLUDING LITHIUM ION POLYMER BATTERIES), TRANSPORTED IN ACCORDANCE WITH SPECIAL PROVISION 376 OR 377;;23.0;SW19;x;C;;ASIA
SEKU9070635;CMA;SGSIN;DEHAM2;45R4;x;20084.40;IMD;40;3480;9;;;;;;no;no;;;x;;x;LITHIUM ION BATTERIES (INCLUDING LITHIUM ION POLYMER BATTERIES), TRANSPORTED IN ACCORDANCE WITH SPECIAL PROVISION 376 OR 377;;25.0;SW19;x;C;;ASIA
CGMU5278825;CMA;SGSIN;DEHAM2;45R1;x;17788.80;IMD;40;3480;9;;;;;;no;no;;;x;;x;LITHIUM ION BATTERIES (INCLUDING LITHIUM ION POLYMER BATTERIES), TRANSPORTED IN ACCORDANCE WITH SPECIAL PROVISION 376 OR 377;;25.0;SW19;x;C;;ASIA
CAIU5589261;CMA;SGSIN;DEHAM2;45R5;x;19968;IMD;40;3480;9;;;;;;no;no;;;x;;x;LITHIUM ION BATTERIES (INCLUDING LITHIUM ION POLYMER BATTERIES), TRANSPORTED IN ACCORDANCE WITH SPECIAL PROVISION 376 OR 377;;25.0;SW19;x;C;;ASIA
CGMU5484261;CMA;SGSIN;DEHAM2;45R1;x;19310.40;IMD;40;3480;9;;;;;;no;no;;;x;;x;LITHIUM ION BATTERIES (INCLUDING LITHIUM ION POLYMER BATTERIES), TRANSPORTED IN ACCORDANCE WITH SPECIAL PROVISION 376 OR 377;;25.0;SW19;x;C;;ASIA
CGMU8007299;CMA;SGSIN;DEHAM2;45R1;x;20084.40;IMD;40;3480;9;;;;;;no;no;;;x;;x;LITHIUM ION BATTERIES (INCLUDING LITHIUM ION POLYMER BATTERIES), TRANSPORTED IN ACCORDANCE WITH SPECIAL PROVISION 376 OR 377;;25.0;SW19;x;C;;ASIA
CGMU6517457;CMA;SGSIN;DEHAM2;45R1;x;19968;IMD;40;3480;9;;;;;;no;no;;;x;;x;LITHIUM ION BATTERIES (INCLUDING LITHIUM ION POLYMER BATTERIES), TRANSPORTED IN ACCORDANCE WITH SPECIAL PROVISION 376 OR 377;;25.0;SW19;x;C;;ASIA
TRHU8629067;CMA;SGSIN;DEHAM2;45G1;x;5;IMD;40;3480;9;;;;;;no;no;;;x;;x;LITHIUM ION BATTERIES (INCLUDING LITHIUM ION POLYMER BATTERIES), TRANSPORTED IN ACCORDANCE WITH SPECIAL PROVISION 376 OR 377;;;SW19;x;C;;ASIA
TEMU6484696;CMA;CNSHA;DEHAM;4500;x;15925;IMD;40;3480;9;;;;;;no;no;;;x;;x;LITHIUM ION BATTERIES (INCLUDING LITHIUM ION POLYMER BATTERIES);;;SW19;x;A;;ASIA
CMAU6450885;CMA;CNSHA;DEHAM;4500;x;15925;IMD;40;3480;9;;;;;;no;no;;;x;;x;LITHIUM ION BATTERIES (INCLUDING LITHIUM ION POLYMER BATTERIES);;;SW19;x;A;;ASIA
ECMU4766732;CMA;CNSHA;DEHAM;4500;x;15925;IMD;40;3480;9;;;;;;no;no;;;x;;x;LITHIUM ION BATTERIES (INCLUDING LITHIUM ION POLYMER BATTERIES);;;SW19;x;A;;ASIA
ECMU4766671;CMA;CNSHA;DEHAM;4500;x;15925;IMD;40;3480;9;;;;;;no;no;;;x;;x;LITHIUM ION BATTERIES (INCLUDING LITHIUM ION POLYMER BATTERIES);;;SW19;x;A;;ASIA
CMAU6776070;CMA;CNSHA;DEHAM;4500;x;15925;IMD;40;3480;9;;;;;;no;no;;;x;;x;LITHIUM ION BATTERIES (INCLUDING LITHIUM ION POLYMER BATTERIES);;;SW19;x;A;;ASIA
CAIU4972580;CMA;CNSHA;DEHAM;4500;x;15925;IMD;40;3480;9;;;;;;no;no;;;x;;x;LITHIUM ION BATTERIES (INCLUDING LITHIUM ION POLYMER BATTERIES);;;SW19;x;A;;ASIA
CMAU5875695;CMA;CNSHA;DEHAM;4500;x;15925;IMD;40;3480;9;;;;;;no;no;;;x;;x;LITHIUM ION BATTERIES (INCLUDING LITHIUM ION POLYMER BATTERIES);;;SW19;x;A;;ASIA
CMAU4966039;CMA;CNSHA;DEHAM;4500;x;15925;IMD;40;3480;9;;;;;;no;no;;;x;;x;LITHIUM ION BATTERIES (INCLUDING LITHIUM ION POLYMER BATTERIES);;;SW19;x;A;;ASIA
CMAU6903702;CMA;CNSHA;DEHAM;4500;x;15925;IMD;40;3480;9;;;;;;no;no;;;x;;x;LITHIUM ION BATTERIES (INCLUDING LITHIUM ION POLYMER BATTERIES);;;SW19;x;A;;ASIA
APHU6723235;CMA;CNSHA;DEHAM;4500;x;15925;IMD;40;3480;9;;;;;;no;no;;;x;;x;LITHIUM ION BATTERIES (INCLUDING LITHIUM ION POLYMER BATTERIES);;;SW19;x;A;;ASIA
CMAU7669749;CMA;CNSHA;DEHAM;4500;x;15925;IMD;40;3480;9;;;;;;no;no;;;x;;x;LITHIUM ION BATTERIES (INCLUDING LITHIUM ION POLYMER BATTERIES);;;SW19;x;A;;ASIA
EISU2162660;EMC;CNNGB;FRLEH;2210;;194;IMD;40;3480;9;0;0;;;;no;no;;;x;;x;LITHIUM ION BATTERIES (INCLUDING LITHIUM ION POLYMER BATTERIES);;;SW19;x;A;;ASIA
SEGU9648441;CMA;CNSHA;FRLEH;4532;x;12864;IMD;40;3480;9;;;;;;no;no;;;x;;x;LITHIUM ION BATTERIES (INCLUDING LITHIUM ION POLYMER BATTERIES);;15.0;SW19;x;A;;ASIA
TCLU1192170;CMA;CNSHA;FRLEH;4532;x;12864;IMD;40;3480;9;;;;;;no;no;;;x;;x;LITHIUM ION BATTERIES (INCLUDING LITHIUM ION POLYMER BATTERIES);;15.0;SW19;x;A;;ASIA
CGMU5099882;CMA;CNSHA;FRLEH;4532;x;12864;IMD;40;3480;9;;;;;;no;no;;;x;;x;LITHIUM ION BATTERIES (INCLUDING LITHIUM ION POLYMER BATTERIES);;15.0;SW19;x;A;;ASIA
TTNU8664236;CMA;CNSHA;DEHAM;4532;x;11760;IMD;40;3480;9;;;;;;no;no;;;x;;x;LITHIUM ION BATTERIES (INCLUDING LITHIUM ION POLYMER BATTERIES);;10.0;SW19;x;A;;ASIA
OOCU8327475;COS;CNSHA;FRLEH;4500;x;734.40;IMD;40;3480;9;;;;;;no;no;;;x;;x;LITHIUM ION BATTERIES (INCLUDING LITHIUM ION POLYMER BATTERIES);;;SW19;x;A;;ASIA
MAGU5233294;COS;CNSHA;NLRTM;4500;x;19790;IMD;40;3480;9;;;;;;no;no;;;x;;x;LITHIUM ION BATTERIES (INCLUDING LITHIUM ION POLYMER BATTERIES);;;SW19;x;A;;ASIA
CMAU3608880;CMA;SGSIN;DEHAM2;45G1;x;21272.40;IMD;40;3480;9;;;;;;no;no;;;x;;x;LITHIUM ION BATTERIES (INCLUDING LITHIUM ION POLYMER BATTERIES), TRANSPORTED IN ACCORDANCE WITH SPECIAL PROVISION 376 OR 377;;;SW19;x;C;;ASIA
UETU7130137;CMA;CNSHA;DEHAM;4500;x;15925;IMD;40;3480;9;;;;;;no;no;;;x;;x;LITHIUM ION BATTERIES (INCLUDING LITHIUM ION POLYMER BATTERIES);;;SW19;x;A;;ASIA
CMAU3552796;CMA;CNSHA;DEHAM;4500;x;15925;IMD;40;3480;9;;;;;;no;no;;;x;;x;LITHIUM ION BATTERIES (INCLUDING LITHIUM ION POLYMER BATTERIES);;;SW19;x;A;;ASIA
SEGU6278528;CMA;CNSHA;DEHAM;4500;x;15925;IMD;40;3480;9;;;;;;no;no;;;x;;x;LITHIUM ION BATTERIES (INCLUDING LITHIUM ION POLYMER BATTERIES);;;SW19;x;A;;ASIA
TRHU5130515;CMA;CNSHA;DEHAM;4500;x;15925;IMD;40;3480;9;;;;;;no;no;;;x;;x;LITHIUM ION BATTERIES (INCLUDING LITHIUM ION POLYMER BATTERIES);;;SW19;x;A;;ASIA
UETU7130040;CMA;CNSHA;DEHAM;4500;x;15925;IMD;40;3480;9;;;;;;no;no;;;x;;x;LITHIUM ION BATTERIES (INCLUDING LITHIUM ION POLYMER BATTERIES);;;SW19;x;A;;ASIA
CMAU3682547;CMA;CNSHA;DEHAM;4500;x;15925;IMD;40;3480;9;;;;;;no;no;;;x;;x;LITHIUM ION BATTERIES (INCLUDING LITHIUM ION POLYMER BATTERIES);;;SW19;x;A;;ASIA
CGMU5469020;CMA;SGSIN;DEHAM2;45R1;x;20480;IMD;40;3480;9;;;;;;no;no;;;x;;x;LITHIUM ION BATTERIES (INCLUDING LITHIUM ION POLYMER BATTERIES), TRANSPORTED IN ACCORDANCE WITH SPECIAL PROVISION 376 OR 377;;25.0;SW19;x;C;;ASIA
UETU7126820;CMA;CNSHA;DEHAM;4500;x;15925;IMD;40;3480;9;;;;;;no;no;;;x;;x;LITHIUM ION BATTERIES (INCLUDING LITHIUM ION POLYMER BATTERIES);;;SW19;x;A;;ASIA
CSNU4012566;COS;SGSIN;DEHAM2;42G1;x;20588.40;IMD;40;3480;9;;;;;;no;no;;;x;;x;LITHIUM ION BATTERIES (INCLUDING LITHIUM ION POLYMER BATTERIES), TRANSPORTED IN ACCORDANCE WITH SPECIAL PROVISION 376 OR 377;;;SW19;x;C;;ASIA
OERU4170940;COS;SGSIN;DEHAM2;45R1;x;19420.56;IMD;40;3480;9;;;;;;no;no;;;x;;x;LITHIUM ION BATTERIES (INCLUDING LITHIUM ION POLYMER BATTERIES), TRANSPORTED IN ACCORDANCE WITH SPECIAL PROVISION 376 OR 377;;25.0;SW19;x;C;;ASIA
APZU4726813;CMA;SGSIN;NLRTM2;42G1;x;8100;IMD;40;3480;9;;;;;;no;no;;;x;;x;LITHIUM ION BATTERIES (INCLUDING LITHIUM ION POLYMER BATTERIES), TRANSPORTED IN ACCORDANCE WITH SPECIAL PROVISION 376 OR 377;;;SW19;x;C;;ASIA
AMCU9304497;CMA;SGSIN;DEHAM2;45R4;x;20084.40;IMD;40;3480;9;;;;;;no;no;;;x;;x;LITHIUM ION BATTERIES (INCLUDING LITHIUM ION POLYMER BATTERIES), TRANSPORTED IN ACCORDANCE WITH SPECIAL PROVISION 376 OR 377;;25.0;SW19;x;C;;ASIA
CMAU4612056;CMA;SGSIN;DEHAM2;45G1;x;21272.40;IMD;40;3480;9;;;;;;no;no;;;x;;x;LITHIUM ION BATTERIES (INCLUDING LITHIUM ION POLYMER BATTERIES), TRANSPORTED IN ACCORDANCE WITH SPECIAL PROVISION 376 OR 377;;;SW19;x;C;;ASIA
TLLU4431506;CMA;CNYTN;SGSIN;45G1;x;3982.50;IMD;40;3481;9;;;;;;no;no;;;x;;x;LITHIUM ION BATTERIES CONTAINED IN EQUIPMENT;;;SW19;x;A;;ASIA
TCNU1180957;CMA;SGSIN;DEHAM2;45G1;x;21272.40;IMD;40;3480;9;;;;;;no;no;;;x;;x;LITHIUM ION BATTERIES (INCLUDING LITHIUM ION POLYMER BATTERIES), TRANSPORTED IN ACCORDANCE WITH SPECIAL PROVISION 376 OR 377;;;SW19;x;C;;ASIA
BMOU2191192;CMA;CNYTN;MAPTM;22G1;x;450;IMD;40;3481;9;;;;;;no;no;;;x;;x;LITHIUM ION BATTERIES CONTAINED IN EQUIPMENT;;;SW19;x;A;;ASIA
CGMU5549589;CMA;SGSIN;MAPTM;45R1;x;21824;IMD;40;3480;9;;;;;;no;no;;;x;;x;LITHIUM ION BATTERIES (INCLUDING LITHIUM ION POLYMER BATTERIES), TRANSPORTED IN ACCORDANCE WITH SPECIAL PROVISION 376 OR 377;;23.0;SW19;x;C;;ASIA
EGHU3316567;EMC;SGSIN;FRLEH;22G1;x;581;IMD;40;3481;9;;;;;;no;no;;;x;;x;LITHIUM ION BATTERIES CONTAINED IN EQUIPMENT OR LITHIUM ION BATTERIES PACKED WITH EQUIPMENT (INCLUDING LITHIUM ION POLYMER BATTERIES);;;SW19;x;A;;ASIA
OERU4283607;COS;SGSIN;DEHAM2;45R1;x;17340;IMD;40;3480;9;;;;;;no;no;;;x;;x;LITHIUM ION BATTERIES (INCLUDING LITHIUM ION POLYMER BATTERIES), TRANSPORTED IN ACCORDANCE WITH SPECIAL PROVISION 376 OR 377;;25.0;SW19;x;C;;ASIA
TGHU9529543;CMA;CNYTN;DEHAM;4510;;2350;IMD;40;3496;9;;;;;;no;no;;;x;;x;BATTERIES, NICKEL-METAL HYDRIDE;;;SW1;x;A;;ASIA
CGMU5187200;CMA;SGSIN;DEHAM2;45R1;x;17802;IMD;40;3480;9;;;;;;no;no;;;x;;x;LITHIUM ION BATTERIES (INCLUDING LITHIUM ION POLYMER BATTERIES), TRANSPORTED IN ACCORDANCE WITH SPECIAL PROVISION 376 OR 377;;25.0;SW19;x;C;;ASIA
TRHU4095092;COS;CNYTN;DEHAM;4510;;3228;IMD;40;3496;9;;;;;;no;no;;;x;;x;BATTERIES, NICKEL-METAL HYDRIDE;;;SW1;x;A;;ASIA
SZLU9897474;CMA;SGSIN;DEHAM2;45R1;x;20084.40;IMD;40;3480;9;;;;;;no;no;;;x;;x;LITHIUM ION BATTERIES (INCLUDING LITHIUM ION POLYMER BATTERIES), TRANSPORTED IN ACCORDANCE WITH SPECIAL PROVISION 376 OR 377;;25.0;SW19;x;C;;ASIA
TEMU0103920;COS;CNYTN;DEHAM;2210;;337.10;IMD;40;3496;9;;;;;;no;no;;;x;;x;BATTERIES, NICKEL-METAL HYDRIDE;;;SW1;x;A;;ASIA
CGMU5197493;CMA;SGSIN;DEHAM2;45R1;x;17802;IMD;40;3480;9;;;;;;no;no;;;x;;x;LITHIUM ION BATTERIES (INCLUDING LITHIUM ION POLYMER BATTERIES), TRANSPORTED IN ACCORDANCE WITH SPECIAL PROVISION 376 OR 377;;25.0;SW19;x;C;;ASIA
CMAU2346656;CMA;SGSIN;FRLEH;22G1;x;4514.40;IMD;40;3496;9;;;;;;no;no;;;x;;x;BATTERIES, NICKEL-METAL HYDRIDE;;;SW1;x;A;;ASIA
CGMU5264890;CMA;SGSIN;DEHAM2;45R1;x;17802;IMD;40;3480;9;;;;;;no;no;;;x;;x;LITHIUM ION BATTERIES (INCLUDING LITHIUM ION POLYMER BATTERIES), TRANSPORTED IN ACCORDANCE WITH SPECIAL PROVISION 376 OR 377;;25.0;SW19;x;C;;ASIA
HWLU2007762;CMA;CNYTN;SGSIN;25SG;;24221;IMD;40;3536;9;;;;;;no;no;;;x;;x;LITHIUM BATTERIES INSTALLED IN CARGO TRANSPORT UNIT LITHIUM ION BATTERIES OR LITHIUM METAL BATTERIES;;;;x;A;;ASIA
FBIU5567171;COS;SGSIN;DEHAM2;45R1;x;18862.44;IMD;40;3480;9;;;;;;no;no;;;x;;x;LITHIUM ION BATTERIES (INCLUDING LITHIUM ION POLYMER BATTERIES), TRANSPORTED IN ACCORDANCE WITH SPECIAL PROVISION 376 OR 377;;25.0;SW19;x;C;;ASIA
HWLU2007799;CMA;CNYTN;SGSIN;25SG;;24221;IMD;40;3536;9;;;;;;no;no;;;x;;x;LITHIUM BATTERIES INSTALLED IN CARGO TRANSPORT UNIT LITHIUM ION BATTERIES OR LITHIUM METAL BATTERIES;;;;x;A;;ASIA
OERU4117118;COS;SGSIN;DEHAM2;45R1;x;18862.44;IMD;40;3480;9;;;;;;no;no;;;x;;x;LITHIUM ION BATTERIES (INCLUDING LITHIUM ION POLYMER BATTERIES), TRANSPORTED IN ACCORDANCE WITH SPECIAL PROVISION 376 OR 377;;25.0;SW19;x;C;;ASIA
HWLU2007844;CMA;CNYTN;SGSIN;25SG;;24221;IMD;40;3536;9;;;;;;no;no;;;x;;x;LITHIUM BATTERIES INSTALLED IN CARGO TRANSPORT UNIT LITHIUM ION BATTERIES OR LITHIUM METAL BATTERIES;;;;x;A;;ASIA
CMAU4866997;CMA;SGSIN;DEHAM2;45G1;x;21272.40;IMD;40;3480;9;;;;;;no;no;;;x;;x;LITHIUM ION BATTERIES (INCLUDING LITHIUM ION POLYMER BATTERIES), TRANSPORTED IN ACCORDANCE WITH SPECIAL PROVISION 376 OR 377;;;SW19;x;C;;ASIA
VMBU2400033;CMA;CNYTN;DEHAM;45S5;;30200;IMD;40;3536;9;;;;;;no;no;;;x;;x;LITHIUM BATTERIES INSTALLED IN CARGO TRANSPORT UNIT LITHIUM ION BATTERIES OR LITHIUM METAL BATTERIES;;;;x;A;;ASIA
CGMU5522865;CMA;SGSIN;MAPTM;45R1;x;21824;IMD;40;3480;9;;;;;;no;no;;;x;;x;LITHIUM ION BATTERIES (INCLUDING LITHIUM ION POLYMER BATTERIES), TRANSPORTED IN ACCORDANCE WITH SPECIAL PROVISION 376 OR 377;;23.0;SW19;x;C;;ASIA
HWLU2007891;CMA;CNYTN;SGSIN;25SG;;24221;IMD;40;3536;9;;;;;;no;no;;;x;;x;LITHIUM BATTERIES INSTALLED IN CARGO TRANSPORT UNIT LITHIUM ION BATTERIES OR LITHIUM METAL BATTERIES;;;;x;A;;ASIA
FSCU5052201;COS;SGSIN;DEHAM2;42G1;x;19310.40;IMD;40;3480;9;;;;;;no;no;;;x;;x;LITHIUM ION BATTERIES (INCLUDING LITHIUM ION POLYMER BATTERIES), TRANSPORTED IN ACCORDANCE WITH SPECIAL PROVISION 376 OR 377;;;SW19;x;C;;ASIA
HWLU2007870;CMA;CNYTN;SGSIN;25SG;;24221;IMD;40;3536;9;;;;;;no;no;;;x;;x;LITHIUM BATTERIES INSTALLED IN CARGO TRANSPORT UNIT LITHIUM ION BATTERIES OR LITHIUM METAL BATTERIES;;;;x;A;;ASIA
OERU4146800;COS;SGSIN;DEHAM2;45R1;x;19420.56;IMD;40;3480;9;;;;;;no;no;;;x;;x;LITHIUM ION BATTERIES (INCLUDING LITHIUM ION POLYMER BATTERIES), TRANSPORTED IN ACCORDANCE WITH SPECIAL PROVISION 376 OR 377;;25.0;SW19;x;C;;ASIA
CMAU3914529;CMA;SGSIN;DEHAM2;45G1;x;21272.40;IMD;40;3480;9;;;;;;no;no;;;x;;x;LITHIUM ION BATTERIES (INCLUDING LITHIUM ION POLYMER BATTERIES), TRANSPORTED IN ACCORDANCE WITH SPECIAL PROVISION 376 OR 377;;;SW19;x;C;;ASIA
TLLU8343260;CMA;CNYTN;NLRTM;45G1;x;14400;IMD;40;3480;9;;;;;;no;no;;;x;;x;LITHIUM ION BATTERIES (INCLUDING LITHIUM ION POLYMER BATTERIES);;;SW19;x;A;;ASIA
AMCU9362430;CMA;CNYTN;PLGDN;45R1;x;13464;IMD;40;3480;9;;;;;;no;no;;;x;;x;LITHIUM ION BATTERIES (INCLUDING LITHIUM ION POLYMER BATTERIES);;23.0;SW19;x;A;;ASIA
BGBU0804162;CMA;CNSHA;DEHAM;2270;x;24010;IMD;40;2215;8;;;;;Acids;no;no;III;;x;;x;MALEIC ANHYDRIDE;SGG1;;SG36, SG49, SG50, SG57;x;A;;ASIA
EURU1541329;COS;CNSHA;FRLEH;2270;x;10;IMD;40;2245;3;;;;26.0;;no;no;III;x;;x;;CYCLOPENTANONE;;;;x;A;x;ASIA
TEMU5779537;OOL;CNNGB;FRLEH;2210;;17577;IMD;40;2794;8;0;0;;;Acids;no;no;;x;;;x;BATTERIES, WET, FILLED WITH ACID, ELECTRIC STORAGE;SGG1;;SW16, SG36, SG49;x;A;;ASIA
FTAU1875882;CMA;CNNGB;DEHAM;2210;;20906;IMD;40;2794;8;0;0;;;Acids;no;no;;x;;;x;BATTERIES, WET, FILLED WITH ACID, ELECTRIC STORAGE;SGG1;;SW16, SG36, SG49;x;A;;ASIA
TCLU3228097;CMA;CNNGB;DEHAM;2210;;17259;IMD;40;2794;8;0;0;;;Acids;no;no;;x;;;x;BATTERIES, WET, FILLED WITH ACID, ELECTRIC STORAGE;SGG1;;SW16, SG36, SG49;x;A;;ASIA
SEGU2173339;CMA;CNNGB;DEHAM;2210;;22559;IMD;40;2794;8;0;0;;;Acids;no;no;;x;;;x;BATTERIES, WET, FILLED WITH ACID, ELECTRIC STORAGE;SGG1;;SW16, SG36, SG49;x;A;;ASIA
CMAU0639064;CMA;CNNGB;DEHAM;2210;;21039;IMD;40;2794;8;0;0;;;Acids;no;no;;x;;;x;BATTERIES, WET, FILLED WITH ACID, ELECTRIC STORAGE;SGG1;;SW16, SG36, SG49;x;A;;ASIA
CMAU2314427;CMA;CNNGB;DEHAM;2210;;17127;IMD;40;2794;8;0;0;;;Acids;no;no;;x;;;x;BATTERIES, WET, FILLED WITH ACID, ELECTRIC STORAGE;SGG1;;SW16, SG36, SG49;x;A;;ASIA
FLNU6808629;EMC;CNNGB;NLRTM;22T0;x;25500;IMD;40;3267;8;0;0;;;Alkalis;no;no;III;x;;;x;CORROSIVE LIQUID, BASIC, ORGANIC, N.O.S.;SGG18;;SW2, SG35;x;A;;ASIA
FLNU6808655;EMC;CNNGB;NLRTM;22T0;x;25500;IMD;40;3267;8;0;0;;;Alkalis;no;no;III;x;;;x;CORROSIVE LIQUID, BASIC, ORGANIC, N.O.S.;SGG18;;SW2, SG35;x;A;;ASIA
FLNU6808634;EMC;CNNGB;NLRTM;22T0;x;25500;IMD;40;3267;8;0;0;;;Alkalis;no;no;III;x;;;x;CORROSIVE LIQUID, BASIC, ORGANIC, N.O.S.;SGG18;;SW2, SG35;x;A;;ASIA
FLNU6808681;EMC;CNNGB;NLRTM;22T0;x;25500;IMD;40;3267;8;0;0;;;Alkalis;no;no;III;x;;;x;CORROSIVE LIQUID, BASIC, ORGANIC, N.O.S.;SGG18;;SW2, SG35;x;A;;ASIA
BRKU1248653;CMA;CNNGB;NLRTM;22T0;x;24000;IMD;40;3082;9;0;0;;;;no;no;III;x;;;x;ENVIRONMENTALLY HAZARDOUS SUBSTANCE, LIQUID, N.O.S.;;;;x;A;;ASIA
DHDU2193762;CMA;CNNGB;NLRTM;22T0;x;19910;IMD;40;3082;9;0;0;;;;no;no;III;x;;;x;ENVIRONMENTALLY HAZARDOUS SUBSTANCE, LIQUID, N.O.S.;;;;x;A;;ASIA
EXFU5635220;CMA;CNNGB;NLRTM;22T0;x;24000;IMD;40;3082;9;0;0;;0.0;;no;no;III;x;;;x;ENVIRONMENTALLY HAZARDOUS SUBSTANCE, LIQUID, N.O.S.;;;;x;A;;ASIA
EXFU5606731;CMA;CNNGB;NLRTM;22T0;x;24000;IMD;40;3082;9;0;0;;0.0;;no;no;III;x;;;x;ENVIRONMENTALLY HAZARDOUS SUBSTANCE, LIQUID, N.O.S.;;;;x;A;;ASIA
SLZU2537920;CMA;SGSIN;NLRTM2;22K2;x;22000;IMD;40;2048;3;;;;46.0;;no;yes;III;x;;x;;DICYCLOPENTADIENE;;;;x;A;x;ASIA
TCLU9073201;CMA;SGSIN;NLRTM2;22K2;x;21990;IMD;40;2048;3;;;;46.0;;no;yes;III;x;;x;;DICYCLOPENTADIENE;;;;x;A;x;ASIA
ECMU4780535;CMA;CNSHA;MAPTM;4500;x;442.50;IMD;40;1993;3;;;;47.0;;no;yes;III;x;;x;;FLAMMABLE LIQUID, N.O.S.;;;;x;A;x;ASIA
UTCU4924034;CMA;SGSIN;NLRTM2;22T0;x;22000;IMD;40;2048;3;;;;46.0;;no;yes;III;x;;x;;DICYCLOPENTADIENE;;;;x;A;x;ASIA
TLLU9007337;CMA;SGSIN;NLRTM2;22K2;x;22010;IMD;40;2048;3;;;;46.0;;no;yes;III;x;;x;;DICYCLOPENTADIENE;;;;x;A;x;ASIA
BGBU5037145;CMA;SGSIN;NLRTM2;22K2;x;22000;IMD;40;2048;3;;;;46.0;;no;yes;III;x;;x;;DICYCLOPENTADIENE;;;;x;A;x;ASIA
BGBU4740195;CMA;SGSIN;NLRTM2;22K2;x;21970;IMD;40;2048;3;;;;46.0;;no;yes;III;x;;x;;DICYCLOPENTADIENE;;;;x;A;x;ASIA
EURU1940885;COS;CNSHA;FRLEH;2270;x;10;IMD;40;2245;3;;;;26.0;;no;no;III;x;;x;;CYCLOPENTANONE;;;;x;A;x;ASIA
SIMU2504316;CMA;SGSIN;NLRTM2;22K2;x;21980;IMD;40;2048;3;;;;46.0;;no;yes;III;x;;x;;DICYCLOPENTADIENE;;;;x;A;x;ASIA
SIMU2632507;CMA;SGSIN;NLRTM2;22T0;x;21980;IMD;40;2048;3;;;;46.0;;no;yes;III;x;;x;;DICYCLOPENTADIENE;;;;x;A;x;ASIA
BGBU4735352;CMA;SGSIN;NLRTM2;22K2;x;21980;IMD;40;2048;3;;;;46.0;;no;yes;III;x;;x;;DICYCLOPENTADIENE;;;;x;A;x;ASIA
EXFU5575688;CMA;SGSIN;NLRTM2;22T0;x;22000;IMD;40;2048;3;;;;46.0;;no;yes;III;x;;x;;DICYCLOPENTADIENE;;;;x;A;x;ASIA
PCVU2608530;CMA;SGSIN;NLRTM2;22K2;x;21990;IMD;40;2048;3;;;;46.0;;no;yes;III;x;;x;;DICYCLOPENTADIENE;;;;x;A;x;ASIA
BGBU5029638;CMA;SGSIN;NLRTM2;22K2;x;21980;IMD;40;2048;3;;;;46.0;;no;yes;III;x;;x;;DICYCLOPENTADIENE;;;;x;A;x;ASIA
TCLU9034761;CMA;SGSIN;NLRTM2;22T0;x;22010;IMD;40;2048;3;;;;46.0;;no;yes;III;x;;x;;DICYCLOPENTADIENE;;;;x;A;x;ASIA
BGBU5025170;CMA;SGSIN;NLRTM2;22K2;x;22080;IMD;40;2048;3;;;;46.0;;no;yes;III;x;;x;;DICYCLOPENTADIENE;;;;x;A;x;ASIA
OOLU1655381;OOL;CNNGB;FRLEH;2210;;17577;IMD;40;2794;8;0;0;;;Acids;no;no;;x;;;x;BATTERIES, WET, FILLED WITH ACID, ELECTRIC STORAGE;SGG1;;SW16, SG36, SG49;x;A;;ASIA
TCKU3159018;CMA;CNNGB;FRLEH;2200;x;19981.59;IMD;40;2794;8;0;0;;;Acids;no;no;;x;;;x;BATTERIES, WET, FILLED WITH ACID, ELECTRIC STORAGE;SGG1;;SW16, SG36, SG49;x;A;;ASIA
FCIU3765230;CMA;CNSHA;DEHAM;2200;x;21866;IMD;40;2794;8;;;;;Acids;no;no;;x;;;x;BATTERIES, WET, FILLED WITH ACID, ELECTRIC STORAGE;SGG1;;SW16, SG36, SG49;x;A;;ASIA
CMAU3298341;CMA;CNNGB;NLRTM;2210;;18776;IMD;40;2794;8;0;0;;;Acids;no;no;;x;;;x;BATTERIES, WET, FILLED WITH ACID, ELECTRIC STORAGE;SGG1;;SW16, SG36, SG49;x;A;;ASIA
FCIU2960510;CMA;CNSHA;DEHAM;2200;x;21803;IMD;40;2794;8;;;;;Acids;no;no;;x;;;x;BATTERIES, WET, FILLED WITH ACID, ELECTRIC STORAGE;SGG1;;SW16, SG36, SG49;x;A;;ASIA
TRHU2678341;CMA;SGSIN;NLRTM2;22G1;x;9;IMD;40;2735;8;;;;;Alkalis;no;no;III;x;;;x;AMINES, LIQUID, CORROSIVE, N.O.S.;SGG18;;SG35;x;A;;ASIA
PHLU2099869;CMA;CNSHA;DEHAM;2200;x;14400;IMD;40;2735;8;;;;;Alkalis;no;no;II;x;;;x;AMINES, LIQUID, CORROSIVE, N.O.S.;SGG18;;SG35;x;A;;ASIA
TLLU8265424;CMA;CNNGB;NLRTM;2210;;20200;IMD;40;2794;8;0;0;;;Acids;no;no;;x;;;x;BATTERIES, WET, FILLED WITH ACID, ELECTRIC STORAGE;SGG1;;SW16, SG36, SG49;x;A;;ASIA
CMAU2317241;CMA;SGSIN;DEHAM2;22G1;x;10600;IMD;40;1835;8;;;;;Ammonium Compounds, Alkalis;no;no;III;x;;;x;TETRAMETHYLAMMONIUM HYDROXIDE;SGG2, SGG18;;SG35;x;A;;ASIA
CSNU1894218;COS;CNSHA;DEHAM;2200;x;20000;IMD;40;1813;8;;;;;Alkalis;no;no;II;;x;;x;POTASSIUM HYDROXIDE, SOLID;SGG18;;SG35;x;A;;ASIA
OOCU0536890;COS;CNSHA;DEHAM;2200;x;20000;IMD;40;1813;8;;;;;Alkalis;no;no;II;;x;;x;POTASSIUM HYDROXIDE, SOLID;SGG18;;SG35;x;A;;ASIA
SEGU3085361;COS;CNSHA;DEHAM;2200;x;20000;IMD;40;1813;8;;;;;Alkalis;no;no;II;;x;;x;POTASSIUM HYDROXIDE, SOLID;SGG18;;SG35;x;A;;ASIA
OOCU0581626;COS;CNSHA;DEHAM;2200;x;20000;IMD;40;1813;8;;;;;Alkalis;no;no;II;;x;;x;POTASSIUM HYDROXIDE, SOLID;SGG18;;SG35;x;A;;ASIA
OOLU1718598;COS;CNYTN;NLRTM;2210;;25600;IMD;40;1805;8;;;;;Acids;no;no;III;x;;;x;PHOSPHORIC ACID SOLUTION;SGG1;;SG36, SG49;x;A;;ASIA
SUTU2586550;CMA;SGSIN;NLRTM2;22T1;x;26000;IMD;40;2023;6.1;3;;;31.0;;no;yes;II;x;;x;;EPICHLOROHYDRIN;;;SW1, SW2;x;A;x;ASIA
SUTU2403984;CMA;SGSIN;NLRTM2;22T6;x;26000;IMD;40;2023;6.1;3;;;31.0;;no;yes;II;x;;x;;EPICHLOROHYDRIN;;;SW1, SW2;x;A;x;ASIA
TCKU3449315;CMA;CNNGB;NLRTM;2210;;19516;IMD;40;2794;8;0;0;;;Acids;no;no;;x;;;x;BATTERIES, WET, FILLED WITH ACID, ELECTRIC STORAGE;SGG1;;SW16, SG36, SG49;x;A;;ASIA
SEKU6489309;CMA;CNSHA;DEHAM;4500;x;1000;IMD;40;2811;6.1;;;;;;no;no;III;;x;;x;TOXIC SOLID, ORGANIC, N.O.S.;;;;x;A;;ASIA
CMAU3088659;CMA;CNNGB;NLRTM;2210;;20041;IMD;40;2794;8;0;0;;;Acids;no;no;;x;;;x;BATTERIES, WET, FILLED WITH ACID, ELECTRIC STORAGE;SGG1;;SW16, SG36, SG49;x;A;;ASIA
TEMU5345839;CMA;SGSIN;NLRTM2;22G1;x;19000;IMD;40;1361;4.2;;;;;;no;no;II;;x;x;;CARBON, ANIMAL OR VEGETABLE ORIGIN;;;SW1, H2;x;A;x;ASIA
CMAU0887712;CMA;SGSIN;NLRTM2;22G1;x;19000;IMD;40;1361;4.2;;;;;;no;no;II;;x;x;;CARBON, ANIMAL OR VEGETABLE ORIGIN;;;SW1, H2;x;A;x;ASIA
TLLU2817995;CMA;SGSIN;NLRTM2;22G1;x;20260;IMD;40;1361;4.2;;;;;;no;no;II;;x;x;;CARBON, ANIMAL OR VEGETABLE ORIGIN;;;SW1, H2;x;A;x;ASIA
CMAU3858913;CMA;SGSIN;ESALG;45G1;x;25000;IMD;40;1361;4.2;;;;;;no;no;II;;x;x;;CARBON, ANIMAL OR VEGETABLE ORIGIN;;;SW1, H2;x;A;x;ASIA
TLLU2751115;CMA;SGSIN;DEHAM2;22G0;x;18000;IMD;40;1361;4.2;;;;;;no;no;III;;x;x;;CARBON, ANIMAL OR VEGETABLE ORIGIN;;;SW1, H2;x;A;x;ASIA
TCNU3371572;CMA;SGSIN;MAPTM;45G1;x;25810;IMD;40;1361;4.2;;;;;;no;no;III;;x;x;;CARBON, ANIMAL OR VEGETABLE ORIGIN;;;SW1, H2;x;A;x;ASIA
TLLU2814846;CMA;CNYTN;SGSIN;2210;;168;IMD;40;3269;3;;;;37.0;;yes;no;III;x;;x;;POLYESTER RESIN KIT, LIQUID BASE MATERIAL;;;;x;A;x;ASIA
UETU2174451;OOL;CNNGB;FRLEH;2210;;17577;IMD;40;2794;8;0;0;;;Acids;no;no;;x;;;x;BATTERIES, WET, FILLED WITH ACID, ELECTRIC STORAGE;SGG1;;SW16, SG36, SG49;x;A;;ASIA
TCLU2183824;CMA;SGSIN;MAPTM;22G1;x;20000;IMD;40;1690;6.1;;;;;;no;no;III;;x;;x;SODIUM FLUORIDE, SOLID;;;SG35;x;A;;ASIA
ECMU1555593;CMA;SGSIN;MAPTM;22G1;x;20000;IMD;40;1690;6.1;;;;;;no;no;III;;x;;x;SODIUM FLUORIDE, SOLID;;;SG35;x;A;;ASIA
TRHU1999429;CMA;SGSIN;MAPTM;22G1;x;20000;IMD;40;1690;6.1;;;;;;no;no;III;;x;;x;SODIUM FLUORIDE, SOLID;;;SG35;x;A;;ASIA
OOLU0484480;OOL;CNNGB;FRLEH;2210;;17577;IMD;40;2794;8;0;0;;;Acids;no;no;;x;;;x;BATTERIES, WET, FILLED WITH ACID, ELECTRIC STORAGE;SGG1;;SW16, SG36, SG49;x;A;;ASIA
CSLU2016971;OOL;CNNGB;FRLEH;2210;;17577;IMD;40;2794;8;0;0;;;Acids;no;no;;x;;;x;BATTERIES, WET, FILLED WITH ACID, ELECTRIC STORAGE;SGG1;;SW16, SG36, SG49;x;A;;ASIA
TLLU2352096;CMA;CNNGB;NLRTM;2210;;19245;IMD;40;2794;8;0;0;;;Acids;no;no;;x;;;x;BATTERIES, WET, FILLED WITH ACID, ELECTRIC STORAGE;SGG1;;SW16, SG36, SG49;x;A;;ASIA
FCIU4820414;OOL;CNNGB;FRLEH;2210;;17577;IMD;40;2794;8;0;0;;;Acids;no;no;;x;;;x;BATTERIES, WET, FILLED WITH ACID, ELECTRIC STORAGE;SGG1;;SW16, SG36, SG49;x;A;;ASIA
CMAU2007518;CMA;CNSHA;DEHAM;2200;x;20510;IMD;40;2794;8;;;;;Acids;no;no;;x;;;x;BATTERIES, WET, FILLED WITH ACID, ELECTRIC STORAGE;SGG1;;SW16, SG36, SG49;x;A;;ASIA
BHCU3187795;CMA;CNSHA;DEHAM;2200;x;17100;IMD;40;1993;3;;;;50.0;;no;yes;III;x;;x;;FLAMMABLE LIQUID, N.O.S.;;;;x;A;x;ASIA
SEGU1287321;CMA;CNSHA;DEHAM;2200;x;17100;IMD;40;1993;3;;;;50.0;;no;yes;III;x;;x;;FLAMMABLE LIQUID, N.O.S.;;;;x;A;x;ASIA
GAOU6370934;EMC;CNNGB;FRLEH;4510;;16680;IMD;40;3171;9;0;0;;;;no;no;;;x;;x;BATTERY-POWERED EQUIPMENT;;;;x;A;;ASIA
TGBU9974655;EMC;CNNGB;FRLEH;4510;;16830;IMD;40;3171;9;0;0;;;;no;no;;;x;;x;BATTERY-POWERED EQUIPMENT;;;;x;A;;ASIA
OOLU1874332;OOL;SGSIN;DEHAM2;22G1;x;16200;IMD;40;1197;3;;;;55.0;;no;no;III;x;;x;;EXTRACTS, FLAVOURING, LIQUID;;;;x;A;x;ASIA
OOLU1483955;OOL;SGSIN;DEHAM2;22G1;x;16200;IMD;40;1197;3;;;;55.0;;no;no;III;x;;x;;EXTRACTS, FLAVOURING, LIQUID;;;;x;A;x;ASIA
TGBU6302683;EMC;CNSHA;FRLEH;4500;x;2754;IMD;40;1170;3;;;;24.0;;yes;no;III;x;;x;;ETHANOL;;;;x;A;x;ASIA
EGHU9602568;EMC;CNNGB;FRLEH;4510;;17140;IMD;40;3171;9;0;0;;;;no;no;;;x;;x;BATTERY-POWERED EQUIPMENT;;;;x;A;;ASIA
FFAU3351228;OOL;CNNGB;FRLEH;4510;;1200;IMD;40;3171;9;0;0;;;;no;no;;;x;;x;BATTERY-POWERED EQUIPMENT;;;;x;A;;ASIA
SEGU4897499;CMA;CNNGB;FRLEH;4510;;912;IMD;40;3171;9;0;0;;;;no;no;;;x;;x;BATTERY-POWERED EQUIPMENT;;;;x;A;;ASIA
TRHU8629067;CMA;SGSIN;DEHAM2;45G1;x;3;IMD;40;3164;2.2;;;;;;yes;no;;;;x;;ARTICLES, PRESSURIZED, HYDRAULIC (CONTAINING NONFLAMMABLE GAS);;;;x;A;x;ASIA
OOLU0313928;OOL;CNSHA;DEHAM;2200;x;13860;IMD;40;3164;2.2;;;;;;no;no;;;;x;;ARTICLES, PRESSURIZED, HYDRAULIC (CONTAINING NONFLAMMABLE GAS);;;;x;A;x;ASIA
TGBU7880053;EMC;CNNGB;FRLEH;4510;;22980;IMD;40;3171;9;0;0;;;;no;no;;;x;;x;BATTERY-POWERED EQUIPMENT;;;;x;A;;ASIA
CMAU8444813;CMA;CNSHA;FRLEH;4500;x;165.35;IMD;40;1046;2.2;;;;;;no;no;;;;;x;HELIUM, COMPRESSED;;;;x;A;x;ASIA
TLLU8847929;CMA;CNSHA;FRLEH;4500;x;165.35;IMD;40;1046;2.2;;;;;;no;no;;;;;x;HELIUM, COMPRESSED;;;;x;A;x;ASIA
TGHU1169841;CMA;CNYTN;MAPTM;2210;;13200;IMD;40;1950;2.1;;;;;;yes;no;;;;x;;AEROSOLS (MAXIMUM 1 LITRE);;;SW1, SW22, SG69;x;A;x;ASIA
TCKU1463839;CMA;CNYTN;SGSIN;22G1;x;10579;IMD;40;1950;2.1;;;;;;yes;no;;;;x;;AEROSOLS (MAXIMUM 1 LITRE);;;SW1, SW22, SG69;x;A;x;ASIA
EISU1855633;EMC;CNNGB;FRLEH;4310;;14148;IMD;40;3480;9;0;0;;;;no;no;;;x;;x;LITHIUM ION BATTERIES (INCLUDING LITHIUM ION POLYMER BATTERIES);;;SW19;x;A;;ASIA
BEAU4051493;CMA;SGSIN;MAPTM;45G1;x;12124.22;IMD;40;1950;2.1;;;;;;no;no;;;;x;;AEROSOLS (MAXIMUM 1 LITRE);;;SW1, SW22, SG69;x;A;x;ASIA
CMAU4371426;CMA;CNNGB;DEHAM;4510;;936;IMD;40;3171;9;0;0;;;;no;no;;;x;;x;BATTERY-POWERED EQUIPMENT;;;;x;A;;ASIA
EITU9250914;EMC;CNNGB;FRLEH;4510;;18940;IMD;40;3171;9;0;0;;;;no;no;;;x;;x;BATTERY-POWERED EQUIPMENT;;;;x;A;;ASIA
TGHU9024989;CMA;SGSIN;MAPTM;45G1;x;12124.22;IMD;40;1950;2.1;;;;;;no;no;;;;x;;AEROSOLS (MAXIMUM 1 LITRE);;;SW1, SW22, SG69;x;A;x;ASIA
TTNU1097439;CMA;SGSIN;MAPTM;22G1;x;3000;IMD;40;1006;2.2;;;;;;no;no;;;;;x;ARGON, COMPRESSED;;;;x;A;x;ASIA
TTNU1097439;CMA;SGSIN;MAPTM;22G1;x;2400;IMD;40;1013;2.2;;;;;;no;no;;;;;x;CARBON DIOXIDE;;;;x;A;x;ASIA
EITU1908212;EMC;CNSHA;FRLEH;4500;x;23552;IMD;40;1044;2.2;;;;;;no;no;;;;;x;FIRE EXTINGUISHERS, WITH COMPRESSED OR LIQUEFIED GAS;;;;x;A;x;ASIA
TGBU4682590;EMC;CNSHA;FRLEH;4500;x;23808;IMD;40;1044;2.2;;;;;;no;no;;;;;x;FIRE EXTINGUISHERS, WITH COMPRESSED OR LIQUEFIED GAS;;;;x;A;x;ASIA
TCNU2145539;EMC;CNSHA;FRLEH;4500;x;24288;IMD;40;1044;2.2;;;;;;no;no;;;;;x;FIRE EXTINGUISHERS, WITH COMPRESSED OR LIQUEFIED GAS;;;;x;A;x;ASIA
EITU9019799;EMC;CNSHA;FRLEH;4500;x;24288;IMD;40;1044;2.2;;;;;;no;no;;;;;x;FIRE EXTINGUISHERS, WITH COMPRESSED OR LIQUEFIED GAS;;;;x;A;x;ASIA
BSIU9486159;EMC;CNNGB;FRLEH;4510;;20680;IMD;40;3171;9;0;0;;;;no;no;;;x;;x;BATTERY-POWERED EQUIPMENT;;;;x;A;;ASIA
CMAU0904656;CMA;CNSHA;DEHAM;2200;x;17100;IMD;40;1993;3;;;;50.0;;no;yes;III;x;;x;;FLAMMABLE LIQUID, N.O.S.;;;;x;A;x;ASIA
DRYU2738758;EMC;CNNGB;NLRTM;2210;;18250;IMD;40;3171;9;0;0;;;;no;no;;;x;;x;BATTERY-POWERED EQUIPMENT;;;;x;A;;ASIA
BSIU9525110;COS;CNNGB;SGSIN;4510;;9124;IMD;40;3171;9;0;0;;;;no;no;;;x;;x;BATTERY-POWERED EQUIPMENT;;;;x;A;;ASIA
TRHU3860406;CMA;CNSHA;DEHAM;2200;x;17100;IMD;40;1993;3;;;;50.0;;no;yes;III;x;;x;;FLAMMABLE LIQUID, N.O.S.;;;;x;A;x;ASIA
SUTU2635779;CMA;SGSIN;NLRTM2;22T0;x;21750;IMD;40;1866;3;;;;27.0;;no;no;III;x;;x;;RESIN SOLUTION, FLAMMABLE;;;;x;A;x;ASIA
FLNU5003445;CMA;SGSIN;NLRTM2;22T2;x;24000;IMD;40;1866;3;;;;36.5;;no;no;III;x;;x;;RESIN SOLUTION, FLAMMABLE;;;;x;A;x;ASIA
CXTU1060521;CMA;SGSIN;NLRTM2;22T6;x;21740;IMD;40;1866;3;;;;27.0;;no;no;III;x;;x;;RESIN SOLUTION, FLAMMABLE;;;;x;A;x;ASIA
CXTU1148171;CMA;SGSIN;NLRTM2;22K2;x;21830;IMD;40;1866;3;;;;27.0;;no;no;III;x;;x;;RESIN SOLUTION, FLAMMABLE;;;;x;A;x;ASIA
CXTU1033193;CMA;SGSIN;NLRTM2;22T6;x;21760;IMD;40;1866;3;;;;27.0;;no;no;III;x;;x;;RESIN SOLUTION, FLAMMABLE;;;;x;A;x;ASIA
SUTU2431498;CMA;SGSIN;NLRTM2;22K2;x;21810;IMD;40;1866;3;;;;27.0;;no;no;III;x;;x;;RESIN SOLUTION, FLAMMABLE;;;;x;A;x;ASIA
SUTU9630300;CMA;SGSIN;NLRTM2;22T6;x;21760;IMD;40;1866;3;;;;27.0;;no;no;III;x;;x;;RESIN SOLUTION, FLAMMABLE;;;;x;A;x;ASIA
VTGU1970752;CMA;SGSIN;NLRTM2;22K2;x;21640;IMD;40;1866;3;;;;27.0;;no;no;III;x;;x;;RESIN SOLUTION, FLAMMABLE;;;;x;A;x;ASIA
VTGU1970990;CMA;SGSIN;NLRTM2;22K2;x;21820;IMD;40;1866;3;;;;27.0;;no;no;III;x;;x;;RESIN SOLUTION, FLAMMABLE;;;;x;A;x;ASIA
SUTU2409895;CMA;SGSIN;NLRTM2;22K2;x;21790;IMD;40;1866;3;;;;27.0;;no;no;III;x;;x;;RESIN SOLUTION, FLAMMABLE;;;;x;A;x;ASIA
SUTU2644657;CMA;SGSIN;NLRTM2;22T6;x;21860;IMD;40;1866;3;;;;27.0;;no;no;III;x;;x;;RESIN SOLUTION, FLAMMABLE;;;;x;A;x;ASIA
SUTU2643331;CMA;SGSIN;NLRTM2;22T0;x;21850;IMD;40;1866;3;;;;27.0;;no;no;III;x;;x;;RESIN SOLUTION, FLAMMABLE;;;;x;A;x;ASIA
SUTU2666070;CMA;SGSIN;NLRTM2;22K2;x;23700;IMD;40;1866;3;;;;27.0;;no;no;III;x;;x;;RESIN SOLUTION, FLAMMABLE;;;;x;A;x;ASIA
SUTU2666229;CMA;SGSIN;NLRTM2;22K2;x;23690;IMD;40;1866;3;;;;27.0;;no;no;III;x;;x;;RESIN SOLUTION, FLAMMABLE;;;;x;A;x;ASIA
VTGU1961010;CMA;SGSIN;NLRTM2;22T6;x;21750;IMD;40;1866;3;;;;27.0;;no;no;III;x;;x;;RESIN SOLUTION, FLAMMABLE;;;;x;A;x;ASIA
EXFU5666561;CMA;CNNGB;NLRTM;22T0;x;24000;IMD;40;3082;9;0;0;;;;no;no;III;x;;;x;ENVIRONMENTALLY HAZARDOUS SUBSTANCE, LIQUID, N.O.S.;;;;x;A;;ASIA
CMAU0631320;CMA;CNNGB;FRLEH;2210;;17600;IMD;40;3082;9;0;0;;;;no;no;III;x;;;x;ENVIRONMENTALLY HAZARDOUS SUBSTANCE, LIQUID, N.O.S.;;;;x;A;;ASIA
CMAU0678076;CMA;CNNGB;FRLEH;2210;;17600;IMD;40;3082;9;0;0;;;;no;no;III;x;;;x;ENVIRONMENTALLY HAZARDOUS SUBSTANCE, LIQUID, N.O.S.;;;;x;A;;ASIA
DHDU2357336;CMA;CNNGB;NLRTM;22T0;x;19920;IMD;40;3082;9;0;0;;;;no;no;III;x;;;x;ENVIRONMENTALLY HAZARDOUS SUBSTANCE, LIQUID, N.O.S.;;;;x;A;;ASIA
DHDU2191775;CMA;CNNGB;NLRTM;22T0;x;19910;IMD;40;3082;9;0;0;;;;no;no;III;x;;;x;ENVIRONMENTALLY HAZARDOUS SUBSTANCE, LIQUID, N.O.S.;;;;x;A;;ASIA
SLZU2575848;CMA;CNNGB;NLRTM;22T0;x;24000;IMD;40;3082;9;0;0;;0.0;;no;no;III;x;;;x;ENVIRONMENTALLY HAZARDOUS SUBSTANCE, LIQUID, N.O.S.;;;;x;A;;ASIA
TEMU4241470;CMA;CNNGB;PLGDN;2200;x;10560;IMD;40;3082;9;0;0;;;;no;no;III;x;;;x;ENVIRONMENTALLY HAZARDOUS SUBSTANCE, LIQUID, N.O.S.;;;;x;A;;ASIA
BEAU2190484;CMA;CNNGB;PLGDN;2200;x;4325;IMD;40;3171;9;0;0;;;;no;no;;;x;;x;BATTERY-POWERED EQUIPMENT;;;;x;A;;ASIA
DHDU2355550;CMA;CNNGB;NLRTM;22T0;x;19900;IMD;40;3082;9;0;0;;;;no;no;III;x;;;x;ENVIRONMENTALLY HAZARDOUS SUBSTANCE, LIQUID, N.O.S.;;;;x;A;;ASIA
FCIU4662010;CMA;CNYTN;MAPTM;22G1;x;16223;IMD;40;1263;3;;;;30.2;;yes;no;III;x;;x;;PAINT (INCLUDING PAINT, LACQUER, ENAMEL, STAIN, SHELLAC, VARNISH, POLISH, LIQUID FILLER AND LIQUID LACQUER BASE);;;;x;A;x;ASIA
APZU3694558;CMA;CNYTN;MAPTM;2210;;16223;IMD;40;1263;3;;;;30.2;;yes;no;III;x;;x;;PAINT (INCLUDING PAINT, LACQUER, ENAMEL, STAIN, SHELLAC, VARNISH, POLISH, LIQUID FILLER AND LIQUID LACQUER BASE);;;;x;A;x;ASIA
TLLU2814846;CMA;CNYTN;SGSIN;2210;;17502;IMD;40;1263;3;;;;29.0;;yes;no;III;x;;x;;PAINT (INCLUDING PAINT, LACQUER, ENAMEL, STAIN, SHELLAC, VARNISH, POLISH, LIQUID FILLER AND LIQUID LACQUER BASE);;;;x;A;x;ASIA
SLZU2522690;CMA;CNNGB;NLRTM;22T0;x;24000;IMD;40;3082;9;0;0;;0.0;;no;no;III;x;;;x;ENVIRONMENTALLY HAZARDOUS SUBSTANCE, LIQUID, N.O.S.;;;;x;A;;ASIA
BRKU1246310;CMA;CNNGB;NLRTM;22T0;x;24000;IMD;40;3082;9;0;0;;;;no;no;III;x;;;x;ENVIRONMENTALLY HAZARDOUS SUBSTANCE, LIQUID, N.O.S.;;;;x;A;;ASIA
DHDU2271633;CMA;CNNGB;NLRTM;22T0;x;19910;IMD;40;3082;9;0;0;;;;no;no;III;x;;;x;ENVIRONMENTALLY HAZARDOUS SUBSTANCE, LIQUID, N.O.S.;;;;x;A;;ASIA
TEMU1084892;CMA;CNNGB;SGSIN;2210;;26000;IMD;40;2213;4.1;0;0;;;;no;no;III;;x;x;;PARAFORMALDEHYDE;;;SW1, SW23;x;A;x;ASIA
APZU4693290;CMA;SGSIN;NLRTM2;42G1;x;8100;IMD;40;3480;9;;;;;;no;no;;;x;;x;LITHIUM ION BATTERIES (INCLUDING LITHIUM ION POLYMER BATTERIES), TRANSPORTED IN ACCORDANCE WITH SPECIAL PROVISION 376 OR 377;;;SW19;x;C;;ASIA
FCIU5678238;CMA;CNNGB;SGSIN;2200;x;26000;IMD;40;2213;4.1;0;0;;;;no;no;III;;x;x;;PARAFORMALDEHYDE;;;SW1, SW23;x;A;x;ASIA
TGBU8956662;COS;CNYTN;FRLEH;45G1;x;5508;IMD;40;3171;9;;;;;;no;no;;;x;;x;BATTERY-POWERED EQUIPMENT;;;;x;A;;ASIA
OOLU9287516;COS;CNYTN;DEHAM;4510;;368;IMD;40;3171;9;;;;;;no;no;;;x;;x;BATTERY-POWERED EQUIPMENT;;;;x;A;;ASIA
OOCU7351380;COS;CNYTN;FRLEH;45G1;x;5508;IMD;40;3171;9;;;;;;no;no;;;x;;x;BATTERY-POWERED EQUIPMENT;;;;x;A;;ASIA
CSNU6127081;COS;CNYTN;FRLEH;45G1;x;5508;IMD;40;3171;9;;;;;;no;no;;;x;;x;BATTERY-POWERED EQUIPMENT;;;;x;A;;ASIA
TGBU4775990;COS;CNYTN;FRLEH;45G1;x;5508;IMD;40;3171;9;;;;;;no;no;;;x;;x;BATTERY-POWERED EQUIPMENT;;;;x;A;;ASIA
CCLU7717567;COS;CNYTN;FRLEH;45G1;x;5508;IMD;40;3171;9;;;;;;no;no;;;x;;x;BATTERY-POWERED EQUIPMENT;;;;x;A;;ASIA
BMOU5681296;COS;CNYTN;FRLEH;45G1;x;5508;IMD;40;3171;9;;;;;;no;no;;;x;;x;BATTERY-POWERED EQUIPMENT;;;;x;A;;ASIA
FFAU2804931;COS;CNYTN;FRLEH;45G1;x;5508;IMD;40;3171;9;;;;;;no;no;;;x;;x;BATTERY-POWERED EQUIPMENT;;;;x;A;;ASIA
FFAU1346536;COS;CNYTN;FRLEH;45G1;x;5508;IMD;40;3171;9;;;;;;no;no;;;x;;x;BATTERY-POWERED EQUIPMENT;;;;x;A;;ASIA
TCKU6711178;COS;CNYTN;FRLEH;45G1;x;5508;IMD;40;3171;9;;;;;;no;no;;;x;;x;BATTERY-POWERED EQUIPMENT;;;;x;A;;ASIA
ECMU1820038;CMA;CNSHA;MAPTM;2200;x;66;IMD;40;3171;9;;;;;;no;no;;;x;;x;BATTERY-POWERED EQUIPMENT;;;;x;A;;ASIA
BEAU5616017;CMA;CNSHA;NLRTM;4500;x;6220;IMD;40;3171;9;;;;;;no;no;;;x;;x;BATTERY-POWERED EQUIPMENT;;;;x;A;;ASIA
CMAU6730084;CMA;CNSHA;SGSIN;4500;x;7500;IMD;40;3171;9;;;;;;no;no;;;x;;x;BATTERY-POWERED EQUIPMENT;;;;x;A;;ASIA
CMAU9651374;CMA;CNSHA;PLGDN;4500;x;3980;IMD;40;3171;9;;;;;;no;no;;;x;;x;BATTERY-POWERED EQUIPMENT;;;;x;A;;ASIA
CSNU6738408;COS;CNYTN;FRLEH;45G1;x;5508;IMD;40;3171;9;;;;;;no;no;;;x;;x;BATTERY-POWERED EQUIPMENT;;;;x;A;;ASIA
CBHU4386505;COS;SGSIN;DEHAM2;22G1;x;2196;IMD;40;3171;9;;;;;;no;no;;;x;;x;BATTERY-POWERED VEHICLE OR BATTERY-POWERED EQUIPMENT;;;;x;A;;ASIA
TCNU6409141;ANL;CNSHA;SGSIN;4500;x;5130;IMD;40;3166;9;;;;;;no;no;;x;x;x;;VEHICLE, FLAMMABLE LIQUID POWERED;;;;x;A;;ASIA
BMOU6413554;CMA;SGSIN;DEHAM2;45G1;x;2400;IMD;40;3091;9;;;;;;no;no;;;x;;x;LITHIUM METAL BATTERIES CONTAINED IN EQUIPMENT OR LITHIUM METAL BATTERIES PACKED WITH EQUIPMENT (INCLUDING LITHIUM ALLOY BATTERIES);;;SW19;x;A;;ASIA
ECMU4780535;CMA;CNSHA;MAPTM;4500;x;1818;IMD;40;3082;9;;;;;;no;yes;III;x;;;x;ENVIRONMENTALLY HAZARDOUS SUBSTANCE, LIQUID, N.O.S.;;;;x;A;;ASIA
SEGU1180159;CMA;CNSHA;DEHAM;2200;x;18274;IMD;40;2794;8;;;;;Acids;no;no;;x;;;x;BATTERIES, WET, FILLED WITH ACID, ELECTRIC STORAGE;SGG1;;SW16, SG36, SG49;x;A;;ASIA
CMAU0584640;CMA;SGSIN;NLRTM2;22G1;x;18000;IMD;40;3082;9;;;;;;no;yes;III;x;;;x;ENVIRONMENTALLY HAZARDOUS SUBSTANCE, LIQUID, N.O.S.;;;;x;A;;ASIA
TRHU2678341;CMA;SGSIN;NLRTM2;22G1;x;32;IMD;40;3082;9;;;;;;no;yes;III;x;;;x;ENVIRONMENTALLY HAZARDOUS SUBSTANCE, LIQUID, N.O.S.;;;;x;A;;ASIA
EGHU3625946;EMC;SGSIN;FRLEH;22G1;x;16000;IMD;40;3082;9;;;;;;no;yes;III;x;;;x;ENVIRONMENTALLY HAZARDOUS SUBSTANCE, LIQUID, N.O.S.;;;;x;A;;ASIA
UETU2323344;CMA;SGSIN;MAPTM;22G1;x;6240;IMD;40;3082;9;;;;;;no;yes;III;x;;;x;ENVIRONMENTALLY HAZARDOUS SUBSTANCE, LIQUID, N.O.S.;;;;x;A;;ASIA
TEMU3327775;CMA;SGSIN;NLRTM2;22G0;x;18000;IMD;40;3082;9;;;;;;no;yes;III;x;;;x;ENVIRONMENTALLY HAZARDOUS SUBSTANCE, LIQUID, N.O.S.;;;;x;A;;ASIA
BGBU5142731;CMA;SGSIN;DEHAM2;22T2;x;20000;IMD;40;3082;9;;;;;;no;yes;III;x;;;x;ENVIRONMENTALLY HAZARDOUS SUBSTANCE, LIQUID, N.O.S.;;;;x;A;;ASIA
SLZU2603929;CMA;SGSIN;NLRTM2;22K2;x;24000;IMD;40;3082;9;;;;;;no;yes;III;x;;;x;ENVIRONMENTALLY HAZARDOUS SUBSTANCE, LIQUID, N.O.S.;;;;x;A;;ASIA
STBU2641343;CMA;SGSIN;DEHAM2;22K2;x;20000;IMD;40;3082;9;;;;;;no;yes;III;x;;;x;ENVIRONMENTALLY HAZARDOUS SUBSTANCE, LIQUID, N.O.S.;;;;x;A;;ASIA
TRHU4095092;COS;CNYTN;DEHAM;4510;;700;IMD;40;3090;9;;;;;;no;no;;;x;;x;LITHIUM METAL BATTERIES (INCLUDING LITHIUM ALLOY BATTERIES);;;SW19;x;A;;ASIA
TCLU8528923;CMA;SGSIN;DEHAM2;45G1;x;8000;IMD;40;3091;9;;;;;;no;no;;;x;;x;LITHIUM METAL BATTERIES CONTAINED IN EQUIPMENT OR LITHIUM METAL BATTERIES PACKED WITH EQUIPMENT (INCLUDING LITHIUM ALLOY BATTERIES);;;SW19;x;A;;ASIA
CMAU8743199;CMA;SGSIN;DEHAM2;45G1;x;7;IMD;40;3268;9;;;;;;no;no;;;x;;x;SAFETY DEVICES, ELECTRICALLY INITIATED;;;;x;A;;ASIA
FSCU4783412;CMA;CNYTN;DEHAM;4310;;20214;IMD;40;3480;9;;;;;;no;no;;;x;;x;LITHIUM ION BATTERIES (INCLUDING LITHIUM ION POLYMER BATTERIES);;;SW19;x;A;;ASIA
EMCU6342749;EMC;CNNGB;NLRTM;2210;;14190;IMD;40;1044;2.2;0;0;;;;no;no;;;;;x;FIRE EXTINGUISHERS, WITH COMPRESSED OR LIQUEFIED GAS;;;;x;A;x;ASIA
APZU4526651;CMA;CNYTN;DEHAM;4310;;20574;IMD;40;3480;9;;;;;;no;no;;;x;;x;LITHIUM ION BATTERIES (INCLUDING LITHIUM ION POLYMER BATTERIES);;;SW19;x;A;;ASIA
OOCU6871047;OOL;CNNGB;FRLEH;4510;;19872;IMD;40;1044;2.2;0;0;;;;no;no;;;;;x;FIRE EXTINGUISHERS, WITH COMPRESSED OR LIQUEFIED GAS;;;;x;A;x;ASIA
TCKU4114532;CMA;CNYTN;DEHAM;4310;;20214;IMD;40;3480;9;;;;;;no;no;;;x;;x;LITHIUM ION BATTERIES (INCLUDING LITHIUM ION POLYMER BATTERIES);;;SW19;x;A;;ASIA
EITU0042442;EMC;CNNGB;NLRTM;2210;;13225;IMD;40;1044;2.2;0;0;;;;no;no;;;;;x;FIRE EXTINGUISHERS, WITH COMPRESSED OR LIQUEFIED GAS;;;;x;A;x;ASIA
TCLU1867000;CMA;CNYTN;MAPTM;4510;;13806;IMD;40;3480;9;;;;;;no;no;;;x;;x;LITHIUM ION BATTERIES (INCLUDING LITHIUM ION POLYMER BATTERIES);;;SW19;x;A;;ASIA
DRYU2974265;EMC;CNNGB;NLRTM;2210;;9653;IMD;40;1044;2.2;0;0;;;;no;no;;;;;x;FIRE EXTINGUISHERS, WITH COMPRESSED OR LIQUEFIED GAS;;;;x;A;x;ASIA
SEKU9076377;CMA;CNYTN;DEHAM;45R1;x;17388.80;IMD;40;3480;9;;;;;;no;no;;;x;;x;LITHIUM ION BATTERIES (INCLUDING LITHIUM ION POLYMER BATTERIES);;25.0;SW19;x;A;;ASIA
CGMU5370931;CMA;CNYTN;DEHAM;45R1;x;14227.20;IMD;40;3480;9;;;;;;no;no;;;x;;x;LITHIUM ION BATTERIES (INCLUDING LITHIUM ION POLYMER BATTERIES);;25.0;SW19;x;A;;ASIA
SEKU1425620;COS;CNNGB;SGSIN;2210;;10960;IMD;40;1044;2.2;0;0;;;;no;no;;;;;x;FIRE EXTINGUISHERS, WITH COMPRESSED OR LIQUEFIED GAS;;;;x;A;x;ASIA
SEGU9397201;CMA;CNYTN;PLGDN;45R1;x;13464;IMD;40;3480;9;;;;;;no;no;;;x;;x;LITHIUM ION BATTERIES (INCLUDING LITHIUM ION POLYMER BATTERIES);;23.0;SW19;x;A;;ASIA
CGMU5336135;CMA;CNYTN;PLGDN;45R1;x;13464;IMD;40;3480;9;;;;;;no;no;;;x;;x;LITHIUM ION BATTERIES (INCLUDING LITHIUM ION POLYMER BATTERIES);;23.0;SW19;x;A;;ASIA
TRHU3391715;EMC;CNNGB;NLRTM;2210;;13717;IMD;40;1044;2.2;0;0;;;;no;no;;;;;x;FIRE EXTINGUISHERS, WITH COMPRESSED OR LIQUEFIED GAS;;;;x;A;x;ASIA
CMAU9458241;CMA;SGSIN;FRLEH;45G1;x;3;IMD;40;3268;9;;;;;;no;no;;;x;;x;SAFETY DEVICES, ELECTRICALLY INITIATED;;;;x;A;;ASIA
AMCU9348094;CMA;CNYTN;DEHAM;45R1;x;20000;IMD;40;3480;9;;;;;;no;no;;;x;;x;LITHIUM ION BATTERIES (INCLUDING LITHIUM ION POLYMER BATTERIES);;25.0;SW19;x;A;;ASIA
CMAU9073023;CMA;CNYTN;DEHAM;42G1;x;19800;IMD;40;3480;9;;;;;;no;no;;;x;;x;LITHIUM ION BATTERIES (INCLUDING LITHIUM ION POLYMER BATTERIES);;;SW19;x;A;;ASIA
SEKU5576836;CMA;SGSIN;FRLEH;45G1;x;2;IMD;40;3268;9;;;;;;no;no;;;x;;x;SAFETY DEVICES, ELECTRICALLY INITIATED;;;;x;A;;ASIA
TRHU8629067;CMA;SGSIN;DEHAM2;45G1;x;2;IMD;40;3268;9;;;;;;no;no;;;x;;x;SAFETY DEVICES, ELECTRICALLY INITIATED;;;;x;A;;ASIA
TCLU4444948;CMA;CNYTN;DEHAM;4310;;20214;IMD;40;3480;9;;;;;;no;no;;;x;;x;LITHIUM ION BATTERIES (INCLUDING LITHIUM ION POLYMER BATTERIES);;;SW19;x;A;;ASIA
APZU4772275;CMA;CNYTN;DEHAM;4310;;19800;IMD;40;3480;9;;;;;;no;no;;;x;;x;LITHIUM ION BATTERIES (INCLUDING LITHIUM ION POLYMER BATTERIES);;;SW19;x;A;;ASIA
CMAU2454687;CMA;CNNGB;DEHAM;2210;;890;IMD;40;1263;3;0;0;;24.0;;no;no;III;x;;x;;PAINT (INCLUDING PAINT, LACQUER, ENAMEL, STAIN, SHELLAC, VARNISH, POLISH, LIQUID FILLER AND LIQUID LACQUER BASE);;;;x;A;x;ASIA
CMAU8311045;CMA;CNYTN;DEHAM;4310;;19800;IMD;40;3480;9;;;;;;no;no;;;x;;x;LITHIUM ION BATTERIES (INCLUDING LITHIUM ION POLYMER BATTERIES);;;SW19;x;A;;ASIA
AMCU9393257;CMA;CNYTN;DEHAM;45R1;x;20670;IMD;40;3480;9;;;;;;no;no;;;x;;x;LITHIUM ION BATTERIES (INCLUDING LITHIUM ION POLYMER BATTERIES);;25.0;SW19;x;A;;ASIA
CMAU0376775;CMA;CNNGB;SGSIN;2210;;15435.60;IMD;40;1263;3;0;0;;32.0;;yes;no;III;x;;x;;PAINT (INCLUDING PAINT, LACQUER, ENAMEL, STAIN, SHELLAC, VARNISH, POLISH, LIQUID FILLER AND LIQUID LACQUER BASE);;;;x;A;x;ASIA
AMCU9328544;CMA;CNYTN;DEHAM;45R1;x;17388.80;IMD;40;3480;9;;;;;;no;no;;;x;;x;LITHIUM ION BATTERIES (INCLUDING LITHIUM ION POLYMER BATTERIES);;25.0;SW19;x;A;;ASIA
EGHU3284006;EMC;CNNGB;FRLEH;2210;;146;IMD;40;3164;2.2;0;0;;;;yes;no;;;;x;;ARTICLES, PRESSURIZED, HYDRAULIC (CONTAINING NONFLAMMABLE GAS);;;;x;A;x;ASIA
TCKU4528635;CMA;CNYTN;DEHAM;4310;;19800;IMD;40;3480;9;;;;;;no;no;;;x;;x;LITHIUM ION BATTERIES (INCLUDING LITHIUM ION POLYMER BATTERIES);;;SW19;x;A;;ASIA
GESU6640150;CMA;CNYTN;DEHAM;42G1;x;9007.20;IMD;40;3480;9;;;;;;no;no;;;x;;x;LITHIUM ION BATTERIES (INCLUDING LITHIUM ION POLYMER BATTERIES);;;SW19;x;A;;ASIA
TCLU4326950;CMA;CNNGB;FRLEH;4310;;23040;IMD;40;1044;2.2;0;0;;;;no;no;;;;;x;FIRE EXTINGUISHERS, WITH COMPRESSED OR LIQUEFIED GAS;;;;x;A;x;ASIA
FCIU5426642;EMC;CNNGB;NLRTM;2210;;15308;IMD;40;1044;2.2;0;0;;;;no;no;;;;;x;FIRE EXTINGUISHERS, WITH COMPRESSED OR LIQUEFIED GAS;;;;x;A;x;ASIA
SEGU3095436;CMA;CNSHA;DEHAM;2200;x;18000;IMD;40;3082;9;;;;;;no;yes;III;x;;;x;ENVIRONMENTALLY HAZARDOUS SUBSTANCE, LIQUID, N.O.S.;;;;x;A;;ASIA
CMAU2470287;CMA;CNNGB;SGSIN;2210;;27000;IMD;40;2213;4.1;0;0;;;;no;no;III;;x;x;;PARAFORMALDEHYDE;;;SW1, SW23;x;A;x;ASIA
SEGU2014050;CMA;CNNGB;SGSIN;2210;;26000;IMD;40;2213;4.1;0;0;;;;no;no;III;;x;x;;PARAFORMALDEHYDE;;;SW1, SW23;x;A;x;ASIA
EITU3058165;EMC;SGSIN;FRLEH;22G1;x;20000;IMD;40;2967;8;;;;;Acids;no;no;III;;x;;x;SULPHAMIC ACID;SGG1;;SG36, SG49;x;A;;ASIA
MAGU2310669;CMA;CNNGB;MAPTM;2210;;1680;IMD;40;1266;3;0;0;;42.9;;yes;no;III;x;;x;;PERFUMERY PRODUCTS WITH FLAMMABLE SOLVENTS;;;;x;A;x;ASIA
CMAU0891292;CMA;CNNGB;NLRTM;2210;;16000;IMD;40;1866;3;0;0;;48.6;;no;no;III;x;;x;;RESIN SOLUTION, FLAMMABLE;;;;x;A;x;ASIA
XINU1282255;CMA;CNNGB;PLGDN;2210;;17600;IMD;40;1866;3;0;0;;31.1;;no;no;III;x;;x;;RESIN SOLUTION, FLAMMABLE;;;;x;A;x;ASIA
FCIU3013399;CMA;CNNGB;PLGDN;2210;;17160;IMD;40;1866;3;0;0;;31.1;;no;no;III;x;;x;;RESIN SOLUTION, FLAMMABLE;;;;x;A;x;ASIA
CRSU1454895;CMA;CNNGB;SGSIN;2200;x;27000;IMD;40;2213;4.1;0;0;;;;no;no;III;;x;x;;PARAFORMALDEHYDE;;;SW1, SW23;x;A;x;ASIA
EGHU3446684;EMC;SGSIN;FRLEH;22G1;x;20000;IMD;40;2967;8;;;;;Acids;no;no;III;;x;;x;SULPHAMIC ACID;SGG1;;SG36, SG49;x;A;;ASIA
CMAU0212386;CMA;CNNGB;SGSIN;2210;;27000;IMD;40;2213;4.1;0;0;;;;no;no;III;;x;x;;PARAFORMALDEHYDE;;;SW1, SW23;x;A;x;ASIA
CMAU9115366;CMA;CNSHA;MAPTM;4300;x;12009.60;IMD;40;3082;9;;;;;;yes;yes;III;x;;;x;ENVIRONMENTALLY HAZARDOUS SUBSTANCE, LIQUID, N.O.S.;;;;x;A;;ASIA
STBU2637209;CMA;SGSIN;NLRTM2;22K2;x;25320;IMD;40;3265;8;;;;;Acids;no;no;III;x;;;x;CORROSIVE LIQUID, ACIDIC, ORGANIC, N.O.S.;SGG1;;SW2, SG36, SG49;x;A;;ASIA
STBU2635973;CMA;SGSIN;NLRTM2;22K2;x;25330;IMD;40;3265;8;;;;;Acids;no;no;III;x;;;x;CORROSIVE LIQUID, ACIDIC, ORGANIC, N.O.S.;SGG1;;SW2, SG36, SG49;x;A;;ASIA
STBU2635952;CMA;SGSIN;NLRTM2;22K2;x;25250;IMD;40;3265;8;;;;;Acids;no;no;III;x;;;x;CORROSIVE LIQUID, ACIDIC, ORGANIC, N.O.S.;SGG1;;SW2, SG36, SG49;x;A;;ASIA
EITU3078095;EMC;SGSIN;FRLEH;22G1;x;20000;IMD;40;2967;8;;;;;Acids;no;no;III;;x;;x;SULPHAMIC ACID;SGG1;;SG36, SG49;x;A;;ASIA
STBU2638606;CMA;SGSIN;NLRTM2;22K2;x;25310;IMD;40;3265;8;;;;;Acids;no;no;III;x;;;x;CORROSIVE LIQUID, ACIDIC, ORGANIC, N.O.S.;SGG1;;SW2, SG36, SG49;x;A;;ASIA
HGTU9613686;EMC;CNSHA;FRLEH;2270;x;19240;IMD;40;3259;8;;;;;Alkalis;no;no;II;;x;;x;AMINES, SOLID, CORROSIVE, N.O.S.;SGG18;;SG35;x;A;;ASIA
STBU2636861;CMA;SGSIN;NLRTM2;22K2;x;25270;IMD;40;3265;8;;;;;Acids;no;no;III;x;;;x;CORROSIVE LIQUID, ACIDIC, ORGANIC, N.O.S.;SGG1;;SW2, SG36, SG49;x;A;;ASIA
AMFU3211633;CMA;CNNGB;SGSIN;2210;;26000;IMD;40;2213;4.1;0;0;;;;no;no;III;;x;x;;PARAFORMALDEHYDE;;;SW1, SW23;x;A;x;ASIA
STBU2637235;CMA;SGSIN;NLRTM2;22K2;x;25370;IMD;40;3265;8;;;;;Acids;no;no;III;x;;;x;CORROSIVE LIQUID, ACIDIC, ORGANIC, N.O.S.;SGG1;;SW2, SG36, SG49;x;A;;ASIA
SGRU2134598;CMA;CNNGB;SGSIN;2210;;26000;IMD;40;2213;4.1;0;0;;;;no;no;III;;x;x;;PARAFORMALDEHYDE;;;SW1, SW23;x;A;x;ASIA
STBU2638910;CMA;SGSIN;NLRTM2;22K2;x;25360;IMD;40;3265;8;;;;;Acids;no;no;III;x;;;x;CORROSIVE LIQUID, ACIDIC, ORGANIC, N.O.S.;SGG1;;SW2, SG36, SG49;x;A;;ASIA
STBU2636922;CMA;SGSIN;NLRTM2;22K2;x;25330;IMD;40;3265;8;;;;;Acids;no;no;III;x;;;x;CORROSIVE LIQUID, ACIDIC, ORGANIC, N.O.S.;SGG1;;SW2, SG36, SG49;x;A;;ASIA
STBU2637240;CMA;SGSIN;NLRTM2;22K2;x;25340;IMD;40;3265;8;;;;;Acids;no;no;III;x;;;x;CORROSIVE LIQUID, ACIDIC, ORGANIC, N.O.S.;SGG1;;SW2, SG36, SG49;x;A;;ASIA
FCIU4590564;CMA;CNNGB;SGSIN;2210;;27000;IMD;40;2213;4.1;0;0;;;;no;no;III;;x;x;;PARAFORMALDEHYDE;;;SW1, SW23;x;A;x;ASIA
TEMU0985290;CMA;CNSHA;SGSIN;2200;x;0.15;IMD;40;3077;9;;;;;;yes;yes;III;;x;;x;ENVIRONMENTALLY HAZARDOUS SUBSTANCE, SOLID, N.O.S.;;;SW23;x;A;;ASIA
STBU2636769;CMA;SGSIN;NLRTM2;22K2;x;25330;IMD;40;3265;8;;;;;Acids;no;no;III;x;;;x;CORROSIVE LIQUID, ACIDIC, ORGANIC, N.O.S.;SGG1;;SW2, SG36, SG49;x;A;;ASIA
TEMU3482494;CMA;SGSIN;NLRTM2;22G0;x;17486;IMD;40;2794;8;;;;;Acids;no;no;;x;;;x;BATTERIES, WET, FILLED WITH ACID, ELECTRIC STORAGE;SGG1;;SW16, SG36, SG49;x;A;;ASIA
IPXU3881781;CMA;CNSHA;MAPTM;2200;x;17500;IMD;40;3077;9;;;;;;no;yes;III;;x;;x;ENVIRONMENTALLY HAZARDOUS SUBSTANCE, SOLID, N.O.S.;;;SW23;x;A;;ASIA
PCVU2644795;CMA;CNSHA;DEHAM;2270;x;21000;IMD;40;3082;9;;;;;;no;yes;III;x;;;x;ENVIRONMENTALLY HAZARDOUS SUBSTANCE, LIQUID, N.O.S.;;;;x;A;;ASIA
PCVU2644769;CMA;CNSHA;DEHAM;2270;x;21000;IMD;40;3082;9;;;;;;no;yes;III;x;;;x;ENVIRONMENTALLY HAZARDOUS SUBSTANCE, LIQUID, N.O.S.;;;;x;A;;ASIA
DFJU0250440;CMA;CNSHA;FRLEH;2270;x;20000;IMD;40;3082;9;;;;;;no;yes;III;x;;;x;ENVIRONMENTALLY HAZARDOUS SUBSTANCE, LIQUID, N.O.S.;;;;x;A;;ASIA
IPXU3881781;CMA;CNSHA;MAPTM;2200;x;3150;IMD;40;3082;9;;;;;;no;yes;III;x;;;x;ENVIRONMENTALLY HAZARDOUS SUBSTANCE, LIQUID, N.O.S.;;;;x;A;;ASIA
UETU5329881;COS;CNYTN;DEHAM;4510;;720;IMD;40;3082;9;;;;;;no;yes;III;x;;;x;ENVIRONMENTALLY HAZARDOUS SUBSTANCE, LIQUID, N.O.S.;;;;x;A;;ASIA
CMAU1558223;CMA;CNSHA;DEHAM;2200;x;18200;IMD;40;2794;8;;;;;Acids;no;no;;x;;;x;BATTERIES, WET, FILLED WITH ACID, ELECTRIC STORAGE;SGG1;;SW16, SG36, SG49;x;A;;ASIA
TEMU2609162;CMA;CNYTN;MAPTM;22G1;x;16000;IMD;40;3082;9;;;;;;no;yes;III;x;;;x;ENVIRONMENTALLY HAZARDOUS SUBSTANCE, LIQUID, N.O.S.;;;;x;A;;ASIA
OOCU8100408;COS;SGSIN;DEHAM2;45G1;x;12800;IMD;40;3077;9;;;;;;no;yes;III;;x;;x;ENVIRONMENTALLY HAZARDOUS SUBSTANCE, SOLID, N.O.S.;;;SW23;x;A;;ASIA
FSCU8989079;CMA;SGSIN;NLRTM2;45G1;x;15360;IMD;40;3077;9;;;;;;no;yes;III;;x;;x;ENVIRONMENTALLY HAZARDOUS SUBSTANCE, SOLID, N.O.S.;;;SW23;x;A;;ASIA
CMAU6108677;CMA;SGSIN;NLRTM2;45G1;x;14240;IMD;40;3077;9;;;;;;no;yes;III;;x;;x;ENVIRONMENTALLY HAZARDOUS SUBSTANCE, SOLID, N.O.S.;;;SW23;x;A;;ASIA
CSLU1869286;OOL;SGSIN;FRLEH;22G1;x;11520;IMD;40;3077;9;;;;;;no;yes;III;;x;;x;ENVIRONMENTALLY HAZARDOUS SUBSTANCE, SOLID, N.O.S.;;;SW23;x;A;;ASIA
GESU1419871;CMA;SGSIN;FRLEH;22G1;x;17000;IMD;40;3077;9;;;;;;no;yes;III;;x;;x;ENVIRONMENTALLY HAZARDOUS SUBSTANCE, SOLID, N.O.S.;;;SW23;x;A;;ASIA
OTPU6338969;CMA;CNSHA;DEHAM;4532;x;20000;IMD;40;3077;9;;;;;;no;yes;III;;x;;x;ENVIRONMENTALLY HAZARDOUS SUBSTANCE, SOLID, N.O.S.;;23.0;SW23;x;A;;ASIA
CMAU1202783;CMA;CNSHA;PLGDN;2200;x;10400;IMD;40;3077;9;;;;;;no;yes;III;;x;;x;ENVIRONMENTALLY HAZARDOUS SUBSTANCE, SOLID, N.O.S.;;;SW23;x;A;;ASIA
GCXU2380812;CMA;CNSHA;PLGDN;2200;x;10000;IMD;40;3077;9;;;;;;no;yes;III;;x;;x;ENVIRONMENTALLY HAZARDOUS SUBSTANCE, SOLID, N.O.S.;;;SW23;x;A;;ASIA
TRHU2245254;CMA;CNNGB;SGSIN;2210;;25000;IMD;40;2213;4.1;0;0;;;;no;no;III;;x;x;;PARAFORMALDEHYDE;;;SW1, SW23;x;A;x;ASIA
APZU3791239;CMA;SGSIN;DEHAM2;22G1;x;22875.27;IMD;40;2794;8;;;;;Acids;no;no;;x;;;x;BATTERIES, WET, FILLED WITH ACID, ELECTRIC STORAGE;SGG1;;SW16, SG36, SG49;x;A;;ASIA
TLLU8058371;CMA;CNNGB;SGSIN;2200;x;27000;IMD;40;2213;4.1;0;0;;;;no;no;III;;x;x;;PARAFORMALDEHYDE;;;SW1, SW23;x;A;x;ASIA
APZU4784785;CMA;CNSHA;DEHAM;4300;x;24600;IMD;40;3265;8;;;;;Acids;no;no;III;x;;;x;CORROSIVE LIQUID, ACIDIC, ORGANIC, N.O.S.;SGG1;;SW2, SG36, SG49;x;A;;ASIA
GESU1111831;CMA;SGSIN;NLRTM2;22G1;x;4000;IMD;40;3077;9;;;;;;no;yes;III;;x;;x;ENVIRONMENTALLY HAZARDOUS SUBSTANCE, SOLID, N.O.S.;;;SW23;x;A;;ASIA
SEGU4107697;CMA;CNNGB;FRLEH;4510;;23506;IMD;40;1057;2.1;0;0;;;;no;no;;;;x;;LIGHTERS CONTAINING FLAMMABLE GAS;;;SW2;x;B;x;ASIA
CMAU0735561;CMA;CNNGB;MAPTM;2210;;11480;IMD;40;1057;2.1;0;0;;;;no;no;;;;x;;LIGHTERS CONTAINING FLAMMABLE GAS;;;SW2;x;B;x;ASIA
CMAU2114542;CMA;CNNGB;MAPTM;2210;;6800;IMD;40;1057;2.1;0;0;;;;no;no;;;;x;;LIGHTERS CONTAINING FLAMMABLE GAS;;;SW2;x;B;x;ASIA
CMAU9574236;CMA;CNNGB;FRLEH;4510;;8667;IMD;40;1057;2.1;0;0;;;;no;no;;;;x;;LIGHTERS CONTAINING FLAMMABLE GAS;;;SW2;x;B;x;ASIA
TRHU2393014;CMA;CNNGB;MAPTM;2210;;5100;IMD;40;1057;2.1;0;0;;;;no;no;;;;x;;LIGHTERS CONTAINING FLAMMABLE GAS;;;SW2;x;B;x;ASIA
CAIU8500956;CMA;CNNGB;FRLEH;4510;;8667;IMD;40;1057;2.1;0;0;;;;no;no;;;;x;;LIGHTERS CONTAINING FLAMMABLE GAS;;;SW2;x;B;x;ASIA
TCKU3640065;CMA;CNSHA;MAPTM;2200;x;19200;IMD;40;2922;8;6.1;0;;;;no;no;II;x;;;x;CORROSIVE LIQUID, TOXIC, N.O.S.;;;SW2;x;B;;ASIA
TEMU2927733;CMA;CNNGB;DEHAM;2210;;1880.34;IMD;40;2796;8;0;0;;;Strong Acids;yes;no;II;x;;;x;SULPHURIC ACID, WITH NOT MORE THAN 51% ACID;SGG1a;;SG36, SG49;x;B;;ASIA
FCIU4385430;CMA;CNNGB;DEHAM;2210;;2353.20;IMD;40;2796;8;0;0;;;Strong Acids;yes;no;II;x;;;x;SULPHURIC ACID, WITH NOT MORE THAN 51% ACID;SGG1a;;SG36, SG49;x;B;;ASIA
EGHU3428654;EMC;CNNGB;DEHAM;2210;;788;IMD;40;1266;3;0;0;;21.0;;no;no;II;x;;x;;PERFUMERY PRODUCTS WITH FLAMMABLE SOLVENTS;;;SW1;x;B;x;ASIA
MAGU2310669;CMA;CNNGB;MAPTM;2210;;4365.80;IMD;40;1266;3;0;0;;22.4;;yes;no;II;x;;x;;PERFUMERY PRODUCTS WITH FLAMMABLE SOLVENTS;;;SW1;x;B;x;ASIA
SEGU1775202;CMA;CNNGB;MAPTM;2210;;8500;IMD;40;1057;2.1;0;0;;;;no;no;;;;x;;LIGHTERS CONTAINING FLAMMABLE GAS;;;SW2;x;B;x;ASIA
TEMU5444718;CMA;SGSIN;NLRTM2;22G1;x;3840;IMD;40;1866;3;;;;-20.0;;no;yes;II;x;;x;;RESIN SOLUTION, FLAMMABLE;;;SW1;x;B;x;ASIA
SEKU6489309;CMA;CNSHA;DEHAM;4500;x;500;IMD;40;2811;6.1;;;;;;no;no;II;;x;;x;TOXIC SOLID, ORGANIC, N.O.S.;;;;x;B;;ASIA
ECMU4780535;CMA;CNSHA;MAPTM;4500;x;1620;IMD;40;2902;6.1;;;;;;no;yes;II;x;;;x;PESTICIDE, LIQUID, TOXIC, N.O.S.;;;SW2;x;B;;ASIA
SUTU2405863;COS;SGSIN;NLRTM2;2270;x;22970;IMD;40;1760;8;;;;;;no;yes;II;x;;;x;CORROSIVE LIQUID, N.O.S.;;;SW2;x;B;;ASIA
BMOU5288910;CMA;SGSIN;FRLEH;45G1;x;3460.95;IMD;40;1266;3;;;;13.0;;yes;no;II;x;;x;;PERFUMERY PRODUCTS WITH FLAMMABLE SOLVENTS;;;SW1;x;B;x;ASIA
CMAU7707010;CMA;CNYTN;SGSIN;4510;;662.45;IMD;40;1266;3;;;;19.0;;yes;no;II;x;;x;;PERFUMERY PRODUCTS WITH FLAMMABLE SOLVENTS;;;SW1;x;B;x;ASIA
TEMU0544329;CMA;SGSIN;DEHAM2;22G1;x;56;IMD;40;1263;3;;;;-4.0;;no;yes;II;x;;x;;PAINT (INCLUDING PAINT, LACQUER, ENAMEL, STAIN, SHELLAC, VARNISH, POLISH, LIQUID FILLER AND LIQUID LACQUER BASE);;;SW1;x;B;x;ASIA
CMAU0849163;CMA;SGSIN;MAPTM;22G1;x;18000;IMD;40;1689;6.1;;;;;Cyanides;no;yes;I;;x;;x;SODIUM CYANIDE, SOLID;SGG6;;SG35;x;B;;ASIA
CMAU0765946;CMA;SGSIN;MAPTM;22G1;x;18000;IMD;40;1689;6.1;;;;;Cyanides;no;yes;I;;x;;x;SODIUM CYANIDE, SOLID;SGG6;;SG35;x;B;;ASIA
BEAU2453430;CMA;SGSIN;MAPTM;22G1;x;18000;IMD;40;1689;6.1;;;;;Cyanides;no;yes;I;;x;;x;SODIUM CYANIDE, SOLID;SGG6;;SG35;x;B;;ASIA
TCKU3396318;CMA;SGSIN;DEHAM2;22G0;x;6750;IMD;40;1325;4.1;;;;;;no;no;II;;x;x;;FLAMMABLE SOLID, ORGANIC, N.O.S.;;;SW1, SG72;x;B;x;ASIA
CMAU2858647;CMA;SGSIN;MAPTM;22G1;x;18000;IMD;40;1689;6.1;;;;;Cyanides;no;yes;I;;x;;x;SODIUM CYANIDE, SOLID;SGG6;;SG35;x;B;;ASIA
OOCU0355573;COS;CNSHA;FRLEH;2200;x;8640;IMD;40;3261;8;;;;;Acids;no;yes;II;;x;;x;CORROSIVE SOLID, ACIDIC, ORGANIC, N.O.S.;SGG1;;SG36, SG49;x;B;;ASIA
GLDU5743782;EMC;SGSIN;FRLEH;22G1;x;12000;IMD;40;3264;8;;;;;Acids;no;yes;II;x;;;x;CORROSIVE LIQUID, ACIDIC, INORGANIC, N.O.S.;SGG1;;SW2, SG36, SG49;x;B;;ASIA
UETU6530041;CMA;SGSIN;NLRTM2;45G0;x;6.48;IMD;40;2796;8;;;;;Strong Acids;yes;no;II;x;;;x;SULPHURIC ACID, WITH NOT MORE THAN 51% ACID;SGG1a;;SG36, SG49;x;B;;ASIA
SEKU6078186;CMA;SGSIN;NLRTM2;45G1;x;7.27;IMD;40;2796;8;;;;;Strong Acids;yes;no;II;x;;;x;SULPHURIC ACID, WITH NOT MORE THAN 51% ACID;SGG1a;;SG36, SG49;x;B;;ASIA
NCCU1263780;CMA;SGSIN;DEHAM2;22T0;x;24000;IMD;40;2922;8;6.1;;;;;no;yes;II;x;;;x;CORROSIVE LIQUID, TOXIC, N.O.S.;;;SW2;x;B;;ASIA
PRSU1576432;CMA;CNSHA;MAPTM;2200;x;11836.80;IMD;40;1133;3;;;;-5.0;;no;no;II;x;;x;;ADHESIVES, CONTAINING A FLAMMABLE LIQUID;;;SW1;x;B;x;ASIA
TCLU7530973;CMA;CNSHA;DEHAM;2200;x;12000;IMD;40;3261;8;;;;;Acids;no;no;II;;x;;x;CORROSIVE SOLID, ACIDIC, ORGANIC, N.O.S.;SGG1;;SG36, SG49;x;B;;ASIA
EXFU0551343;CMA;CNNGB;NLRTM;22T0;x;20140;IMD;40;1247;3;0;0;;10.0;;no;no;II;x;;x;;METHYL METHACRYLATE, MONOMER, STABILIZED;;;SW1, SW2;x;C;x;ASIA
EXFU0548843;CMA;CNNGB;NLRTM;22T0;x;20100;IMD;40;1247;3;0;0;;10.0;;no;no;II;x;;x;;METHYL METHACRYLATE, MONOMER, STABILIZED;;;SW1, SW2;x;C;x;ASIA
TCLU9049099;CMA;CNNGB;NLRTM;22T0;x;20090;IMD;40;1247;3;0;0;;10.0;;no;no;II;x;;x;;METHYL METHACRYLATE, MONOMER, STABILIZED;;;SW1, SW2;x;C;x;ASIA
BGBU5097993;CMA;CNNGB;NLRTM;22T0;x;20090;IMD;40;1247;3;0;0;;10.0;;no;no;II;x;;x;;METHYL METHACRYLATE, MONOMER, STABILIZED;;;SW1, SW2;x;C;x;ASIA
EXFU6665343;CMA;CNNGB;NLRTM;22T0;x;20070;IMD;40;2227;3;0;0;;50.0;;no;no;III;x;;x;;N-BUTYL METHACRYLATE, STABILIZED;;;SW1;x;C;x;ASIA
EXFU0526989;CMA;CNNGB;NLRTM;22T0;x;20120;IMD;40;1247;3;0;0;;10.0;;no;no;II;x;;x;;METHYL METHACRYLATE, MONOMER, STABILIZED;;;SW1, SW2;x;C;x;ASIA
EXFU6665934;CMA;CNNGB;NLRTM;22T0;x;20120;IMD;40;2227;3;0;0;;50.0;;no;no;III;x;;x;;N-BUTYL METHACRYLATE, STABILIZED;;;SW1;x;C;x;ASIA
EURU1845424;CMA;CNNGB;NLRTM;22T0;x;20200;IMD;40;2531;8;0;0;;;Acids;no;no;II;x;;;x;METHACRYLIC ACID, STABILIZED;SGG1;;SW1, SW2, SG36, SG49;x;C;;ASIA
EXFU6676672;CMA;CNNGB;NLRTM;22T0;x;20070;IMD;40;2227;3;0;0;;50.0;;no;no;III;x;;x;;N-BUTYL METHACRYLATE, STABILIZED;;;SW1;x;C;x;ASIA
GMCU2107297;CMA;SGSIN;NLRTM2;22K2;x;20610;IMD;40;2227;3;;;;50.0;;no;no;III;x;;x;;N-BUTYL METHACRYLATE, STABILIZED;;;SW1;x;C;x;ASIA
GMCU2103820;CMA;SGSIN;NLRTM2;22T6;x;20120;IMD;40;2227;3;;;;50.0;;no;no;III;x;;x;;N-BUTYL METHACRYLATE, STABILIZED;;;SW1;x;C;x;ASIA
DFSU2476540;CMA;CNSHA;DEHAM;2200;x;18000;IMD;40;1816;8;3;0;;38.0;Acids;no;no;II;x;;x;;PROPYLTRICHLOROSILANE;SGG1;;SW1, SW2, SG36, SG49;x;C;x;ASIA
TABU2250022;CMA;CNSHA;FRLEH;2270;x;21500;IMD;40;2218;8;3;0;;54.0;Acids;no;yes;II;x;;x;;ACRYLIC ACID, STABILIZED;SGG1;;SW1, SW2, SG36, SG49;x;C;x;ASIA
UTCU4146133;CMA;CNSHA;FRLEH;2270;x;21500;IMD;40;2218;8;3;0;;54.0;Acids;no;yes;II;x;;x;;ACRYLIC ACID, STABILIZED;SGG1;;SW1, SW2, SG36, SG49;x;C;x;ASIA
SNTU7700410;CMA;CNSHA;FRLEH;2270;x;21500;IMD;40;2218;8;3;0;;54.0;Acids;no;yes;II;x;;x;;ACRYLIC ACID, STABILIZED;SGG1;;SW1, SW2, SG36, SG49;x;C;x;ASIA
UTCU4595999;CMA;CNSHA;NLRTM;2270;x;20110;IMD;40;2227;3;;;;50.0;;no;no;III;x;;x;;N-BUTYL METHACRYLATE, STABILIZED;;;SW1;x;C;x;ASIA
UTCU4715733;CMA;CNSHA;NLRTM;2270;x;20120;IMD;40;2227;3;;;;50.0;;no;no;III;x;;x;;N-BUTYL METHACRYLATE, STABILIZED;;;SW1;x;C;x;ASIA
SWTU2251969;CMA;CNSHA;NLRTM;2270;x;20100;IMD;40;2227;3;;;;50.0;;no;no;III;x;;x;;N-BUTYL METHACRYLATE, STABILIZED;;;SW1;x;C;x;ASIA
UTCU4713561;CMA;CNSHA;NLRTM;2270;x;20080;IMD;40;2227;3;;;;50.0;;no;no;III;x;;x;;N-BUTYL METHACRYLATE, STABILIZED;;;SW1;x;C;x;ASIA
SNTU7101855;CMA;CNSHA;NLRTM;2270;x;20090;IMD;40;2227;3;;;;50.0;;no;no;III;x;;x;;N-BUTYL METHACRYLATE, STABILIZED;;;SW1;x;C;x;ASIA
SNTU7002873;CMA;SGSIN;NLRTM2;22T0;x;20070;IMD;40;1247;3;;;;10.0;;no;no;II;x;;x;;METHYL METHACRYLATE, MONOMER, STABILIZED;;;SW1, SW2;x;C;x;ASIA
SNTU7021873;CMA;SGSIN;NLRTM2;22K2;x;20050;IMD;40;1247;3;;;;10.0;;no;no;II;x;;x;;METHYL METHACRYLATE, MONOMER, STABILIZED;;;SW1, SW2;x;C;x;ASIA
TCVU3663303;CMA;SGSIN;NLRTM2;22T1;x;20030;IMD;40;1247;3;;;;10.0;;no;no;II;x;;x;;METHYL METHACRYLATE, MONOMER, STABILIZED;;;SW1, SW2;x;C;x;ASIA
HGTU2601699;CMA;SGSIN;NLRTM2;22K2;x;20070;IMD;40;1247;3;;;;10.0;;no;no;II;x;;x;;METHYL METHACRYLATE, MONOMER, STABILIZED;;;SW1, SW2;x;C;x;ASIA
TIFU1768609;CMA;SGSIN;NLRTM2;22K2;x;20020;IMD;40;1247;3;;;;10.0;;no;no;II;x;;x;;METHYL METHACRYLATE, MONOMER, STABILIZED;;;SW1, SW2;x;C;x;ASIA
SNTU7601640;CMA;SGSIN;NLRTM2;22T6;x;20070;IMD;40;1247;3;;;;10.0;;no;no;II;x;;x;;METHYL METHACRYLATE, MONOMER, STABILIZED;;;SW1, SW2;x;C;x;ASIA
TABU2244380;CMA;SGSIN;NLRTM2;22T0;x;20090;IMD;40;1247;3;;;;10.0;;no;no;II;x;;x;;METHYL METHACRYLATE, MONOMER, STABILIZED;;;SW1, SW2;x;C;x;ASIA
BGBU5161346;CMA;SGSIN;NLRTM2;22K2;x;20010;IMD;40;1247;3;;;;10.0;;no;no;II;x;;x;;METHYL METHACRYLATE, MONOMER, STABILIZED;;;SW1, SW2;x;C;x;ASIA
RLTU2628453;CMA;SGSIN;NLRTM2;22K2;x;20040;IMD;40;1247;3;;;;10.0;;no;no;II;x;;x;;METHYL METHACRYLATE, MONOMER, STABILIZED;;;SW1, SW2;x;C;x;ASIA
BGBU5098290;CMA;SGSIN;NLRTM2;22T6;x;20040;IMD;40;1247;3;;;;10.0;;no;no;II;x;;x;;METHYL METHACRYLATE, MONOMER, STABILIZED;;;SW1, SW2;x;C;x;ASIA
HOYU9652037;CMA;SGSIN;NLRTM2;22T2;x;20130;IMD;40;1247;3;;;;10.0;;no;no;II;x;;x;;METHYL METHACRYLATE, MONOMER, STABILIZED;;;SW1, SW2;x;C;x;ASIA
HOYU9686741;CMA;SGSIN;NLRTM2;22K2;x;20060;IMD;40;1247;3;;;;10.0;;no;no;II;x;;x;;METHYL METHACRYLATE, MONOMER, STABILIZED;;;SW1, SW2;x;C;x;ASIA
EXFU0589565;CMA;SGSIN;NLRTM2;22T6;x;20100;IMD;40;1247;3;;;;10.0;;no;no;II;x;;x;;METHYL METHACRYLATE, MONOMER, STABILIZED;;;SW1, SW2;x;C;x;ASIA
UTCU4938017;CMA;SGSIN;NLRTM2;22K2;x;20130;IMD;40;1247;3;;;;10.0;;no;no;II;x;;x;;METHYL METHACRYLATE, MONOMER, STABILIZED;;;SW1, SW2;x;C;x;ASIA
GMCU2107445;CMA;SGSIN;NLRTM2;22T0;x;20130;IMD;40;2227;3;;;;50.0;;no;no;III;x;;x;;N-BUTYL METHACRYLATE, STABILIZED;;;SW1;x;C;x;ASIA
CTGU8883476;CMA;SGSIN;NLRTM2;22K2;x;20590;IMD;40;2227;3;;;;50.0;;no;no;III;x;;x;;N-BUTYL METHACRYLATE, STABILIZED;;;SW1;x;C;x;ASIA
UTCU4801960;CMA;SGSIN;NLRTM2;22T0;x;20080;IMD;40;2227;3;;;;50.0;;no;no;III;x;;x;;N-BUTYL METHACRYLATE, STABILIZED;;;SW1;x;C;x;ASIA
GMCU2100754;CMA;SGSIN;NLRTM2;22T2;x;20110;IMD;40;2227;3;;;;50.0;;no;no;III;x;;x;;N-BUTYL METHACRYLATE, STABILIZED;;;SW1;x;C;x;ASIA
PCVU2580160;CMA;CNNGB;NLRTM;22T0;x;20620;IMD;40;2531;8;0;0;;;Acids;no;no;II;x;;;x;METHACRYLIC ACID, STABILIZED;SGG1;;SW1, SW2, SG36, SG49;x;C;;ASIA
EXFU0514606;CMA;CNNGB;NLRTM;22T0;x;20150;IMD;40;2531;8;0;0;;;Acids;no;no;II;x;;;x;METHACRYLIC ACID, STABILIZED;SGG1;;SW1, SW2, SG36, SG49;x;C;;ASIA
GESU8064578;CMA;CNNGB;NLRTM;22T0;x;20630;IMD;40;2531;8;0;0;;;Acids;no;no;II;x;;;x;METHACRYLIC ACID, STABILIZED;SGG1;;SW1, SW2, SG36, SG49;x;C;;ASIA
SLZU2568957;CMA;CNNGB;NLRTM;22T0;x;20640;IMD;40;2531;8;0;0;;;Acids;no;no;II;x;;;x;METHACRYLIC ACID, STABILIZED;SGG1;;SW1, SW2, SG36, SG49;x;C;;ASIA
EURU1743654;CMA;CNNGB;NLRTM;22T0;x;20140;IMD;40;2531;8;0;0;;;Acids;no;no;II;x;;;x;METHACRYLIC ACID, STABILIZED;SGG1;;SW1, SW2, SG36, SG49;x;C;;ASIA
EURU1948680;CMA;CNNGB;NLRTM;22T0;x;20100;IMD;40;2531;8;0;0;;;Acids;no;no;II;x;;;x;METHACRYLIC ACID, STABILIZED;SGG1;;SW1, SW2, SG36, SG49;x;C;;ASIA
UTCU4141872;CMA;CNSHA;NLRTM;2270;x;20090;IMD;40;2531;8;;;;;Acids;no;no;II;x;;;x;METHACRYLIC ACID, STABILIZED;SGG1;;SW1, SW2, SG36, SG49;x;C;;ASIA
CMAU2280559;CMA;SGSIN;MAPTM;22G1;x;20000;IMD;40;2078;6.1;;;;;;no;no;II;x;;;x;TOLUENE DIISOCYANATE;;;SW1, SW2;x;C;;ASIA
BSIU3177424;CMA;SGSIN;MAPTM;22G1;x;20000;IMD;40;2078;6.1;;;;;;no;no;II;x;;;x;TOLUENE DIISOCYANATE;;;SW1, SW2;x;C;;ASIA
LYGU3160978;CMA;SGSIN;MAPTM;22G1;x;20000;IMD;40;2078;6.1;;;;;;no;no;II;x;;;x;TOLUENE DIISOCYANATE;;;SW1, SW2;x;C;;ASIA
TRHU1017440;CMA;SGSIN;MAPTM;22G1;x;20000;IMD;40;2078;6.1;;;;;;no;no;II;x;;;x;TOLUENE DIISOCYANATE;;;SW1, SW2;x;C;;ASIA
FCIU6178134;CMA;SGSIN;MAPTM;22G1;x;20000;IMD;40;2078;6.1;;;;;;no;no;II;x;;;x;TOLUENE DIISOCYANATE;;;SW1, SW2;x;C;;ASIA
EXFU6675953;CMA;CNNGB;NLRTM;22T0;x;20120;IMD;40;2227;3;0;0;;50.0;;no;no;III;x;;x;;N-BUTYL METHACRYLATE, STABILIZED;;;SW1;x;C;x;ASIA
CMAU0364671;CMA;CNSHA;MAPTM;2200;x;20000;IMD;40;2078;6.1;;;;;;no;no;II;x;;;x;TOLUENE DIISOCYANATE;;;SW1, SW2;x;C;;ASIA
UTCU4850348;CMA;CNSHA;NLRTM;2270;x;20050;IMD;40;2283;3;;;;49.0;;no;yes;III;x;;x;;ISOBUTYL METHACRYLATE, STABILIZED;;;SW1;x;C;x;ASIA
UTCU4921950;CMA;CNSHA;NLRTM;2270;x;20030;IMD;40;2283;3;;;;49.0;;no;yes;III;x;;x;;ISOBUTYL METHACRYLATE, STABILIZED;;;SW1;x;C;x;ASIA
EXFU0738479;CMA;SGSIN;NLRTM2;22T6;x;20110;IMD;40;2227;3;;;;50.0;;no;no;III;x;;x;;N-BUTYL METHACRYLATE, STABILIZED;;;SW1;x;C;x;ASIA
UTCU4833700;CMA;SGSIN;NLRTM2;22K2;x;20070;IMD;40;2227;3;;;;50.0;;no;no;III;x;;x;;N-BUTYL METHACRYLATE, STABILIZED;;;SW1;x;C;x;ASIA
EXFU8911261;CMA;SGSIN;NLRTM2;22K2;x;20550;IMD;40;2227;3;;;;50.0;;no;no;III;x;;x;;N-BUTYL METHACRYLATE, STABILIZED;;;SW1;x;C;x;ASIA
EXFU5596422;CMA;SGSIN;NLRTM2;22K2;x;20120;IMD;40;2227;3;;;;50.0;;no;no;III;x;;x;;N-BUTYL METHACRYLATE, STABILIZED;;;SW1;x;C;x;ASIA
UTCU4934388;CMA;SGSIN;NLRTM2;22T0;x;20100;IMD;40;2227;3;;;;50.0;;no;no;III;x;;x;;N-BUTYL METHACRYLATE, STABILIZED;;;SW1;x;C;x;ASIA
NRSU5615350;CMA;SGSIN;NLRTM2;22T0;x;20120;IMD;40;2227;3;;;;50.0;;no;no;III;x;;x;;N-BUTYL METHACRYLATE, STABILIZED;;;SW1;x;C;x;ASIA
NRSU5612080;CMA;SGSIN;NLRTM2;22T0;x;20080;IMD;40;2227;3;;;;50.0;;no;no;III;x;;x;;N-BUTYL METHACRYLATE, STABILIZED;;;SW1;x;C;x;ASIA
EXFU5616637;CMA;SGSIN;NLRTM2;22T2;x;20100;IMD;40;2227;3;;;;50.0;;no;no;III;x;;x;;N-BUTYL METHACRYLATE, STABILIZED;;;SW1;x;C;x;ASIA
GMCU2102572;CMA;SGSIN;NLRTM2;22K2;x;20120;IMD;40;2227;3;;;;50.0;;no;no;III;x;;x;;N-BUTYL METHACRYLATE, STABILIZED;;;SW1;x;C;x;ASIA
NRSU5611191;CMA;SGSIN;NLRTM2;22T0;x;20090;IMD;40;2227;3;;;;50.0;;no;no;III;x;;x;;N-BUTYL METHACRYLATE, STABILIZED;;;SW1;x;C;x;ASIA
SNTU7700494;CMA;SGSIN;NLRTM2;22T1;x;20070;IMD;40;2227;3;;;;50.0;;no;no;III;x;;x;;N-BUTYL METHACRYLATE, STABILIZED;;;SW1;x;C;x;ASIA
CMAU1621645;CMA;CNSHA;MAPTM;2200;x;20000;IMD;40;2078;6.1;;;;;;no;no;II;x;;;x;TOLUENE DIISOCYANATE;;;SW1, SW2;x;C;;ASIA
VERU4402257;CMA;CNSHA;NLRTM;28KX;x;4024;IMD;40;2451;2.2;5.1;0;;;;no;no;;;;;x;NITROGEN TRIFLUORIDE;;;SW2;x;D;x;ASIA
TCLU4275679;CMA;SGSIN;FRLEH;42G1;x;21760;IMD;40;2556;4.1;;;;;;no;no;II;;x;x;;NITROCELLULOSE WITH ALCOHOL (NOT LESS THAN 25% ALCOHOL, BY MASS, AND NOT MORE THAN 12.6% NITROGEN, BY DRY MASS);;;SW1, H2, SG7, SG30;x;D;x;ASIA
SMAU8880664;CMA;SGSIN;MAPTM;22T0;x;20000;IMD;40;2187;2.2;;;;;;no;no;;x;;;x;CARBON DIOXIDE, REFRIGERATED LIQUID;;;;x;D;x;ASIA
TEMU0680834;CMA;SGSIN;FRLEH;22G1;x;802;IMD;40;2196;2.3;8;;;;;no;no;;;;;x;TUNGSTEN HEXAFLUORIDE;;;SW2;x;D;x;ASIA
TRHU2932522;CMA;CNNGB;MAPTM;2210;;22500;IMD;40;1384;4.2;0;0;;;;no;no;II;;x;x;;SODIUM DITHIONITE;;;SW1, H1;x;E;x;ASIA
ALPU2220541;CMA;SGSIN;FRLEH;28K8;x;3200;IMD;40;2203;2.1;;;;;;no;no;;;;x;;SILANE;;;SW2, SG43, SG46;x;E;x;ASIA
TRIU0298011;CMA;CNSHA;DEHAM;2250;;17000;IMD;40;2211;9;;;;;;no;no;III;;x;x;;POLYMERIC BEADS, EXPANDABLE EVOLVING FLAMMABLE VAPOUR;;;SW1, SW6, SG5, SG14;x;E;;ASIA
TMLU5737323;CMA;SGSIN;NLRTM2;22K2;x;17130;IMD;40;1146;3;;;;-37.0;;no;no;II;x;;x;;CYCLOPENTANE;;;SW1;x;E;x;ASIA
GMCU3151186;CMA;SGSIN;NLRTM2;22K2;x;17130;IMD;40;1146;3;;;;-37.0;;no;no;II;x;;x;;CYCLOPENTANE;;;SW1;x;E;x;ASIA
TEXU1025804;CMA;CNSHA;SGSIN;2250;;17000;IMD;40;2211;9;;;;;;no;no;III;;x;x;;POLYMERIC BEADS, EXPANDABLE EVOLVING FLAMMABLE VAPOUR;;;SW1, SW6, SG5, SG14;x;E;;ASIA
TLLU1234632;CMA;CNSHA;SGSIN;2250;;17000;IMD;40;2211;9;;;;;;no;no;III;;x;x;;POLYMERIC BEADS, EXPANDABLE EVOLVING FLAMMABLE VAPOUR;;;SW1, SW6, SG5, SG14;x;E;;ASIA
SEGU7345256;CMA;CNSHA;DEHAM;2250;;17000;IMD;40;2211;9;;;;;;no;no;III;;x;x;;POLYMERIC BEADS, EXPANDABLE EVOLVING FLAMMABLE VAPOUR;;;SW1, SW6, SG5, SG14;x;E;;ASIA
TLLU1232774;CMA;CNSHA;DEHAM;2250;;17000;IMD;40;2211;9;;;;;;no;no;III;;x;x;;POLYMERIC BEADS, EXPANDABLE EVOLVING FLAMMABLE VAPOUR;;;SW1, SW6, SG5, SG14;x;E;;ASIA
TCLU7704442;CMA;CNSHA;DEHAM;2250;;17000;IMD;40;2211;9;;;;;;no;no;III;;x;x;;POLYMERIC BEADS, EXPANDABLE EVOLVING FLAMMABLE VAPOUR;;;SW1, SW6, SG5, SG14;x;E;;ASIA
SEGU7333065;CMA;CNSHA;DEHAM;2250;;17000;IMD;40;2211;9;;;;;;no;no;III;;x;x;;POLYMERIC BEADS, EXPANDABLE EVOLVING FLAMMABLE VAPOUR;;;SW1, SW6, SG5, SG14;x;E;;ASIA
TRIU0295373;CMA;CNSHA;DEHAM;2250;;17000;IMD;40;2211;9;;;;;;no;no;III;;x;x;;POLYMERIC BEADS, EXPANDABLE EVOLVING FLAMMABLE VAPOUR;;;SW1, SW6, SG5, SG14;x;E;;ASIA
GESU8063442;CMA;CNSHA;DEHAM;2270;x;16880;IMD;40;1146;3;;;;-37.0;;no;no;II;x;;x;;CYCLOPENTANE;;;SW1;x;E;x;ASIA
CMAU2142101;CMA;CNNGB;MAPTM;2210;;22500;IMD;40;1384;4.2;0;0;;;;no;no;II;;x;x;;SODIUM DITHIONITE;;;SW1, H1;x;E;x;ASIA
